2026-09-16 23:13:52 [TestNG-PoolService-1] INFO  com.eventHub.utils.LogUtils - ==========================================================================
2026-09-16 23:13:52 [TestNG-PoolService-1] INFO  com.eventHub.utils.LogUtils -   STARTING SCENARIO: Successful login with valid credentials
2026-09-16 23:13:52 [TestNG-PoolService-1] INFO  com.eventHub.utils.LogUtils - ==========================================================================
2026-09-17 22:54:02 [TestNG-PoolService-2] INFO  com.eventHub.utils.LogUtils - ==========================================================================
2026-09-17 22:54:02 [TestNG-PoolService-1] INFO  com.eventHub.utils.LogUtils - ==========================================================================
2026-09-17 22:54:02 [TestNG-PoolService-2] INFO  com.eventHub.utils.LogUtils -   STARTING SCENARIO: BrowseEvent on Landing Page
2026-09-17 22:54:02 [TestNG-PoolService-1] INFO  com.eventHub.utils.LogUtils -   STARTING SCENARIO: Successful login with valid credentials
2026-09-17 22:54:02 [TestNG-PoolService-2] INFO  com.eventHub.utils.LogUtils - ==========================================================================
2026-09-17 22:54:02 [TestNG-PoolService-1] INFO  com.eventHub.utils.LogUtils - ==========================================================================
2026-09-17 22:55:24 [main] INFO  com.eventHub.utils.LogUtils - ==========================================================================
2026-09-17 22:55:24 [main] INFO  com.eventHub.utils.LogUtils -   STARTING SCENARIO: BrowseEvent on Landing Page
2026-09-17 22:55:24 [main] INFO  com.eventHub.utils.LogUtils - ==========================================================================
2026-09-17 22:59:27 [main] INFO  com.eventHub.utils.LogUtils - ==========================================================================
2026-09-17 22:59:27 [main] INFO  com.eventHub.utils.LogUtils -   STARTING SCENARIO: BrowseEvent on Main Page
2026-09-17 22:59:27 [main] INFO  com.eventHub.utils.LogUtils - ==========================================================================
2026-09-17 22:59:43 [main] INFO  com.eventHub.utils.LogUtils - ==========================================================================
2026-09-17 22:59:43 [main] INFO  com.eventHub.utils.LogUtils -   STARTING SCENARIO: BrowseEvent on Main Page
2026-09-17 22:59:43 [main] INFO  com.eventHub.utils.LogUtils - ==========================================================================
2026-09-17 23:15:55 [main] INFO  com.eventHub.utils.LogUtils - ==========================================================================
2026-09-17 23:15:55 [main] INFO  com.eventHub.utils.LogUtils -   STARTING SCENARIO: Successful login with valid credentials
2026-09-17 23:15:55 [main] INFO  com.eventHub.utils.LogUtils - ==========================================================================
2026-09-17 23:18:03 [TestNG-PoolService-1] INFO  com.eventHub.utils.LogUtils - ==========================================================================
2026-09-17 23:18:03 [TestNG-PoolService-2] INFO  com.eventHub.utils.LogUtils - ==========================================================================
2026-09-17 23:18:03 [TestNG-PoolService-1] INFO  com.eventHub.utils.LogUtils -   STARTING SCENARIO: Successful login with valid credentials
2026-09-17 23:18:03 [TestNG-PoolService-2] INFO  com.eventHub.utils.LogUtils -   STARTING SCENARIO: Verify user can browse available events
2026-09-17 23:18:03 [TestNG-PoolService-1] INFO  com.eventHub.utils.LogUtils - ==========================================================================
2026-09-17 23:18:03 [TestNG-PoolService-2] INFO  com.eventHub.utils.LogUtils - ==========================================================================
2026-09-17 23:21:48 [main] INFO  com.eventHub.utils.LogUtils - ==========================================================================
2026-09-17 23:21:48 [main] INFO  com.eventHub.utils.LogUtils -   STARTING SCENARIO: Successful login with valid credentials
2026-09-17 23:21:48 [main] INFO  com.eventHub.utils.LogUtils - ==========================================================================
2026-09-17 23:23:12 [main] INFO  com.eventHub.utils.LogUtils - ==========================================================================
2026-09-17 23:23:12 [main] INFO  com.eventHub.utils.LogUtils -   STARTING SCENARIO: Verify user can browse available events
2026-09-17 23:23:12 [main] INFO  com.eventHub.utils.LogUtils - ==========================================================================
2026-09-22 16:18:35 [TestNG-PoolService-2] INFO  com.eventHub.utils.LogUtils - ==========================================================================
2026-09-22 16:18:35 [TestNG-PoolService-1] INFO  com.eventHub.utils.LogUtils - ==========================================================================
2026-09-22 16:18:35 [TestNG-PoolService-1] INFO  com.eventHub.utils.LogUtils -   STARTING SCENARIO: Successful login with valid credentials
2026-09-22 16:18:35 [TestNG-PoolService-1] INFO  com.eventHub.utils.LogUtils - ==========================================================================
2026-09-22 16:18:35 [TestNG-PoolService-2] INFO  com.eventHub.utils.LogUtils -   STARTING SCENARIO: Verify user can browse available events
2026-09-22 16:18:35 [TestNG-PoolService-2] INFO  com.eventHub.utils.LogUtils - ==========================================================================
2026-09-22 16:22:01 [main] INFO  com.eventHub.utils.LogUtils - ==========================================================================
2026-09-22 16:22:01 [main] INFO  com.eventHub.utils.LogUtils -   STARTING SCENARIO: Book and cancel event tickets
2026-09-22 16:22:01 [main] INFO  com.eventHub.utils.LogUtils - ==========================================================================
2026-09-22 16:27:21 [TestNG-PoolService-2] INFO  com.eventHub.utils.LogUtils - ==========================================================================
2026-09-22 16:27:21 [TestNG-PoolService-1] INFO  com.eventHub.utils.LogUtils - ==========================================================================
2026-09-22 16:27:21 [TestNG-PoolService-2] INFO  com.eventHub.utils.LogUtils -   STARTING SCENARIO: Verify user can browse available events
2026-09-22 16:27:21 [TestNG-PoolService-2] INFO  com.eventHub.utils.LogUtils - ==========================================================================
2026-09-22 16:27:21 [TestNG-PoolService-1] INFO  com.eventHub.utils.LogUtils -   STARTING SCENARIO: Successful login with valid credentials
2026-09-22 16:27:21 [TestNG-PoolService-1] INFO  com.eventHub.utils.LogUtils - ==========================================================================
2026-09-22 16:27:56 [main] INFO  com.eventHub.utils.LogUtils - ==========================================================================
2026-09-22 16:27:56 [main] INFO  com.eventHub.utils.LogUtils -   STARTING SCENARIO: Verify user can browse available events
2026-09-22 16:27:56 [main] INFO  com.eventHub.utils.LogUtils - ==========================================================================
2026-09-22 16:35:00 [main] INFO  com.eventHub.utils.LogUtils - ==========================================================================
2026-09-22 16:35:00 [main] INFO  com.eventHub.utils.LogUtils -   STARTING SCENARIO: Successful login with valid credentials
2026-09-22 16:35:00 [main] INFO  com.eventHub.utils.LogUtils - ==========================================================================
2026-09-22 16:37:00 [TestNG-PoolService-1] INFO  com.eventHub.utils.LogUtils - ==========================================================================
2026-09-22 16:37:00 [TestNG-PoolService-2] INFO  com.eventHub.utils.LogUtils - ==========================================================================
2026-09-22 16:37:00 [TestNG-PoolService-1] INFO  com.eventHub.utils.LogUtils -   STARTING SCENARIO: Successful login with valid credentials
2026-09-22 16:37:00 [TestNG-PoolService-2] INFO  com.eventHub.utils.LogUtils -   STARTING SCENARIO: Verify user can browse available events
2026-09-22 16:37:00 [TestNG-PoolService-1] INFO  com.eventHub.utils.LogUtils - ==========================================================================
2026-09-22 16:37:00 [TestNG-PoolService-2] INFO  com.eventHub.utils.LogUtils - ==========================================================================
2026-09-22 16:39:48 [main] INFO  com.eventHub.utils.LogUtils - ==========================================================================
2026-09-22 16:39:48 [main] INFO  com.eventHub.utils.LogUtils -   STARTING SCENARIO: Successful login with valid credentials
2026-09-22 16:39:48 [main] INFO  com.eventHub.utils.LogUtils - ==========================================================================
2026-09-22 16:44:29 [TestNG-PoolService-1] INFO  com.eventHub.utils.LogUtils - ==========================================================================
2026-09-22 16:44:29 [TestNG-PoolService-2] INFO  com.eventHub.utils.LogUtils - ==========================================================================
2026-09-22 16:44:29 [TestNG-PoolService-2] INFO  com.eventHub.utils.LogUtils -   STARTING SCENARIO: Verify user can browse available events
2026-09-22 16:44:29 [TestNG-PoolService-1] INFO  com.eventHub.utils.LogUtils -   STARTING SCENARIO: Successful login with valid credentials
2026-09-22 16:44:29 [TestNG-PoolService-2] INFO  com.eventHub.utils.LogUtils - ==========================================================================
2026-09-22 16:44:29 [TestNG-PoolService-1] INFO  com.eventHub.utils.LogUtils - ==========================================================================
2026-09-22 16:49:00 [main] INFO  com.eventHub.utils.LogUtils - ==========================================================================
2026-09-22 16:49:00 [main] INFO  com.eventHub.utils.LogUtils -   STARTING SCENARIO: Verify user can browse available events
2026-09-22 16:49:00 [main] INFO  com.eventHub.utils.LogUtils - ==========================================================================
2026-09-22 16:49:01 [main] INFO  com.eventHub.utils.LogUtils - ==========================================================================
2026-09-22 16:49:01 [main] INFO  com.eventHub.utils.LogUtils -   STARTING SCENARIO: Verify user can browse available events
2026-09-22 16:49:01 [main] INFO  com.eventHub.utils.LogUtils - ==========================================================================
2026-09-22 16:50:30 [TestNG-PoolService-2] INFO  com.eventHub.utils.LogUtils - ==========================================================================
2026-09-22 16:50:30 [TestNG-PoolService-1] INFO  com.eventHub.utils.LogUtils - ==========================================================================
2026-09-22 16:50:30 [TestNG-PoolService-1] INFO  com.eventHub.utils.LogUtils -   STARTING SCENARIO: Successful login with valid credentials
2026-09-22 16:50:30 [TestNG-PoolService-1] INFO  com.eventHub.utils.LogUtils - ==========================================================================
2026-09-22 16:50:30 [TestNG-PoolService-2] INFO  com.eventHub.utils.LogUtils -   STARTING SCENARIO: Verify user can browse available events
2026-09-22 16:50:30 [TestNG-PoolService-2] INFO  com.eventHub.utils.LogUtils - ==========================================================================
2026-09-22 16:53:53 [main] INFO  com.eventHub.utils.LogUtils - ==========================================================================
2026-09-22 16:53:53 [main] INFO  com.eventHub.utils.LogUtils -   STARTING SCENARIO: Verify user can browse available events
2026-09-22 16:53:53 [main] INFO  com.eventHub.utils.LogUtils - ==========================================================================
2026-09-22 16:55:08 [main] INFO  com.eventHub.utils.LogUtils - ==========================================================================
2026-09-22 16:55:08 [main] INFO  com.eventHub.utils.LogUtils -   STARTING SCENARIO: Successful login with valid credentials
2026-09-22 16:55:08 [main] INFO  com.eventHub.utils.LogUtils - ==========================================================================
2026-09-22 16:57:28 [TestNG-PoolService-1] INFO  com.eventHub.utils.LogUtils - ==========================================================================
2026-09-22 16:57:28 [TestNG-PoolService-2] INFO  com.eventHub.utils.LogUtils - ==========================================================================
2026-09-22 16:57:28 [TestNG-PoolService-1] INFO  com.eventHub.utils.LogUtils -   STARTING SCENARIO: Successful login with valid credentials
2026-09-22 16:57:28 [TestNG-PoolService-2] INFO  com.eventHub.utils.LogUtils -   STARTING SCENARIO: Verify user can browse available events
2026-09-22 16:57:28 [TestNG-PoolService-1] INFO  com.eventHub.utils.LogUtils - ==========================================================================
2026-09-22 16:57:28 [TestNG-PoolService-2] INFO  com.eventHub.utils.LogUtils - ==========================================================================
2026-09-22 17:02:12 [TestNG-PoolService-2] INFO  com.eventHub.utils.LogUtils - ==========================================================================
2026-09-22 17:02:12 [TestNG-PoolService-1] INFO  com.eventHub.utils.LogUtils - ==========================================================================
2026-09-22 17:02:12 [TestNG-PoolService-2] INFO  com.eventHub.utils.LogUtils -   STARTING SCENARIO: Verify user can browse available events
2026-09-22 17:02:12 [TestNG-PoolService-2] INFO  com.eventHub.utils.LogUtils - ==========================================================================
2026-09-22 17:02:12 [TestNG-PoolService-1] INFO  com.eventHub.utils.LogUtils -   STARTING SCENARIO: Successful login with valid credentials
2026-09-22 17:02:12 [TestNG-PoolService-1] INFO  com.eventHub.utils.LogUtils - ==========================================================================
2026-09-22 17:06:46 [main] INFO  com.eventHub.utils.LogUtils - ==========================================================================
2026-09-22 17:06:46 [main] INFO  com.eventHub.utils.LogUtils -   STARTING SCENARIO: Successful login with valid credentials
2026-09-22 17:06:46 [main] INFO  com.eventHub.utils.LogUtils - ==========================================================================
2026-09-22 17:13:45 [TestNG-PoolService-2] INFO  com.eventHub.utils.LogUtils - ==========================================================================
2026-09-22 17:13:45 [TestNG-PoolService-1] INFO  com.eventHub.utils.LogUtils - ==========================================================================
2026-09-22 17:13:45 [TestNG-PoolService-2] INFO  com.eventHub.utils.LogUtils -   STARTING SCENARIO: Verify user can browse available events
2026-09-22 17:13:45 [TestNG-PoolService-2] INFO  com.eventHub.utils.LogUtils - ==========================================================================
2026-09-22 17:13:45 [TestNG-PoolService-1] INFO  com.eventHub.utils.LogUtils -   STARTING SCENARIO: Successful login with valid credentials
2026-09-22 17:13:45 [TestNG-PoolService-1] INFO  com.eventHub.utils.LogUtils - ==========================================================================
2026-09-22 17:13:46 [TestNG-PoolService-2] INFO  com.eventHub.utils.LogUtils - Executing composite login for pre-condition using: samwilson33@gmail.com
2026-09-22 17:17:23 [TestNG-PoolService-1] INFO  com.eventHub.utils.LogUtils - ==========================================================================
2026-09-22 17:17:23 [TestNG-PoolService-2] INFO  com.eventHub.utils.LogUtils - ==========================================================================
2026-09-22 17:17:23 [TestNG-PoolService-3] INFO  com.eventHub.utils.LogUtils - ==========================================================================
2026-09-22 17:17:23 [TestNG-PoolService-2] INFO  com.eventHub.utils.LogUtils -   STARTING SCENARIO: Verify user can browse available events
2026-09-22 17:17:23 [TestNG-PoolService-1] INFO  com.eventHub.utils.LogUtils -   STARTING SCENARIO: Successful login with valid credentials
2026-09-22 17:17:23 [TestNG-PoolService-3] INFO  com.eventHub.utils.LogUtils -   STARTING SCENARIO: Book and cancel event tickets
2026-09-22 17:17:23 [TestNG-PoolService-2] INFO  com.eventHub.utils.LogUtils - ==========================================================================
2026-09-22 17:17:23 [TestNG-PoolService-1] INFO  com.eventHub.utils.LogUtils - ==========================================================================
2026-09-22 17:17:23 [TestNG-PoolService-3] INFO  com.eventHub.utils.LogUtils - ==========================================================================
2026-09-22 17:17:27 [TestNG-PoolService-3] INFO  com.eventHub.utils.LogUtils - Executing composite login for pre-condition using: samwilson33@gmail.com
2026-09-22 17:17:27 [TestNG-PoolService-2] INFO  com.eventHub.utils.LogUtils - Executing composite login for pre-condition using: samwilson33@gmail.com
2026-09-24 21:12:06 [main] INFO  com.eventHub.utils.LogUtils - ==========================================================================
2026-09-24 21:12:06 [main] INFO  com.eventHub.utils.LogUtils -   STARTING SCENARIO: Book and cancel event tickets
2026-09-24 21:12:06 [main] INFO  com.eventHub.utils.LogUtils - ==========================================================================
2026-09-24 21:12:12 [main] INFO  com.eventHub.utils.LogUtils - Executing composite login for pre-condition using: samwilson33@gmail.com
2026-09-24 21:17:40 [main] INFO  com.eventHub.utils.LogUtils - ==========================================================================
2026-09-24 21:17:40 [main] INFO  com.eventHub.utils.LogUtils -   STARTING SCENARIO: Book and cancel event tickets
2026-09-24 21:17:40 [main] INFO  com.eventHub.utils.LogUtils - ==========================================================================
2026-09-24 21:17:42 [main] INFO  com.eventHub.utils.LogUtils - Executing composite login for pre-condition using: samwilson33@gmail.com
2026-09-24 21:29:22 [main] INFO  com.eventHub.utils.LogUtils - ==========================================================================
2026-09-24 21:29:22 [main] INFO  com.eventHub.utils.LogUtils -   STARTING SCENARIO: Verify user can browse available events
2026-09-24 21:29:22 [main] INFO  com.eventHub.utils.LogUtils - ==========================================================================
2026-09-24 21:29:24 [main] INFO  com.eventHub.utils.LogUtils - Executing composite login for pre-condition using: samwilson33@gmail.com
2026-09-24 23:32:06 [main] INFO  com.eventHub.utils.LogUtils - ==========================================================================
2026-09-24 23:32:06 [main] INFO  com.eventHub.utils.LogUtils -   STARTING SCENARIO: Book and cancel event tickets
2026-09-24 23:32:06 [main] INFO  com.eventHub.utils.LogUtils - ==========================================================================
2026-09-24 23:32:08 [main] INFO  com.eventHub.utils.LogUtils - Executing composite login for pre-condition using: samwilson33@gmail.com
2026-09-24 23:38:12 [TestNG-PoolService-1] INFO  com.eventHub.utils.LogUtils - ==========================================================================
2026-09-24 23:38:12 [TestNG-PoolService-2] INFO  com.eventHub.utils.LogUtils - ==========================================================================
2026-09-24 23:38:12 [TestNG-PoolService-3] INFO  com.eventHub.utils.LogUtils - ==========================================================================
2026-09-24 23:38:12 [TestNG-PoolService-2] INFO  com.eventHub.utils.LogUtils -   STARTING SCENARIO: Verify user can browse available events
2026-09-24 23:38:12 [TestNG-PoolService-1] INFO  com.eventHub.utils.LogUtils -   STARTING SCENARIO: Successful login with valid credentials
2026-09-24 23:38:12 [TestNG-PoolService-3] INFO  com.eventHub.utils.LogUtils -   STARTING SCENARIO: Book and cancel event tickets
2026-09-24 23:38:12 [TestNG-PoolService-2] INFO  com.eventHub.utils.LogUtils - ==========================================================================
2026-09-24 23:38:12 [TestNG-PoolService-3] INFO  com.eventHub.utils.LogUtils - ==========================================================================
2026-09-24 23:38:12 [TestNG-PoolService-1] INFO  com.eventHub.utils.LogUtils - ==========================================================================
2026-09-24 23:38:13 [TestNG-PoolService-2] INFO  com.eventHub.utils.LogUtils - Executing composite login for pre-condition using: samwilson33@gmail.com
2026-09-24 23:38:14 [TestNG-PoolService-3] INFO  com.eventHub.utils.LogUtils - Executing composite login for pre-condition using: samwilson33@gmail.com
2026-09-24 23:43:32 [TestNG-PoolService-2] INFO  com.eventHub.utils.LogUtils - ==========================================================================
2026-09-24 23:43:32 [TestNG-PoolService-3] INFO  com.eventHub.utils.LogUtils - ==========================================================================
2026-09-24 23:43:32 [TestNG-PoolService-1] INFO  com.eventHub.utils.LogUtils - ==========================================================================
2026-09-24 23:43:32 [TestNG-PoolService-1] INFO  com.eventHub.utils.LogUtils -   STARTING SCENARIO: Successful login with valid credentials
2026-09-24 23:43:32 [TestNG-PoolService-2] INFO  com.eventHub.utils.LogUtils -   STARTING SCENARIO: Verify user can browse available events
2026-09-24 23:43:32 [TestNG-PoolService-3] INFO  com.eventHub.utils.LogUtils -   STARTING SCENARIO: Book and cancel event tickets
2026-09-24 23:43:32 [TestNG-PoolService-1] INFO  com.eventHub.utils.LogUtils - ==========================================================================
2026-09-24 23:43:32 [TestNG-PoolService-2] INFO  com.eventHub.utils.LogUtils - ==========================================================================
2026-09-24 23:43:32 [TestNG-PoolService-3] INFO  com.eventHub.utils.LogUtils - ==========================================================================
2026-09-24 23:43:35 [TestNG-PoolService-2] INFO  com.eventHub.utils.LogUtils - Executing composite login for pre-condition using: samwilson33@gmail.com
2026-09-24 23:43:35 [TestNG-PoolService-3] INFO  com.eventHub.utils.LogUtils - Executing composite login for pre-condition using: samwilson33@gmail.com
2026-09-25 14:01:57 [main] INFO  com.eventHub.utils.LogUtils - ==========================================================================
2026-09-25 14:01:57 [main] INFO  com.eventHub.utils.LogUtils -   STARTING SCENARIO: Verify that user is able add New Event
2026-09-25 14:01:57 [main] INFO  com.eventHub.utils.LogUtils - ==========================================================================
2026-09-25 14:01:59 [main] INFO  com.eventHub.utils.LogUtils - ==========================================================================
2026-09-25 14:01:59 [main] INFO  com.eventHub.utils.LogUtils -   STARTING SCENARIO: Verify that user can able to add all given details for new Event
2026-09-25 14:01:59 [main] INFO  com.eventHub.utils.LogUtils - ==========================================================================
2026-09-25 14:19:23 [main] INFO  com.eventHub.utils.LogUtils - ==========================================================================
2026-09-25 14:19:23 [main] INFO  com.eventHub.utils.LogUtils -   STARTING SCENARIO: Verify that user is able add New Event
2026-09-25 14:19:23 [main] INFO  com.eventHub.utils.LogUtils - ==========================================================================
2026-09-25 14:19:25 [main] INFO  com.eventHub.utils.LogUtils - ==========================================================================
2026-09-25 14:19:25 [main] INFO  com.eventHub.utils.LogUtils -   STARTING SCENARIO: Verify that user can able to add all given details for new Event
2026-09-25 14:19:25 [main] INFO  com.eventHub.utils.LogUtils - ==========================================================================
2026-09-25 16:28:11 [main] INFO  com.eventHub.utils.LogUtils - ==========================================================================
2026-09-25 16:28:11 [main] INFO  com.eventHub.utils.LogUtils -   STARTING SCENARIO: Verify that user is able add New Event
2026-09-25 16:28:11 [main] INFO  com.eventHub.utils.LogUtils - ==========================================================================
2026-09-25 16:28:13 [main] INFO  com.eventHub.utils.LogUtils - Executing composite login for pre-condition using: samwilson33@gmail.com
2026-09-25 16:28:14 [main] INFO  com.eventHub.utils.LogUtils - ==========================================================================
2026-09-25 16:28:14 [main] INFO  com.eventHub.utils.LogUtils -   STARTING SCENARIO: Verify that user can able to add all given details for new Event
2026-09-25 16:28:14 [main] INFO  com.eventHub.utils.LogUtils - ==========================================================================
2026-09-25 16:28:15 [main] INFO  com.eventHub.utils.LogUtils - Executing composite login for pre-condition using: samwilson33@gmail.com
2026-09-25 16:32:26 [main] INFO  com.eventHub.utils.LogUtils - ==========================================================================
2026-09-25 16:32:26 [main] INFO  com.eventHub.utils.LogUtils -   STARTING SCENARIO: Verify that user is able add New Event
2026-09-25 16:32:26 [main] INFO  com.eventHub.utils.LogUtils - ==========================================================================
2026-09-25 16:32:27 [main] INFO  com.eventHub.utils.LogUtils - Executing composite login for pre-condition using: samwilson33@gmail.com
2026-09-25 16:32:28 [main] INFO  com.eventHub.utils.LogUtils - ==========================================================================
2026-09-25 16:32:28 [main] INFO  com.eventHub.utils.LogUtils -   STARTING SCENARIO: Verify that user can able to add all given details for new Event
2026-09-25 16:32:28 [main] INFO  com.eventHub.utils.LogUtils - ==========================================================================
2026-09-25 16:32:29 [main] INFO  com.eventHub.utils.LogUtils - Executing composite login for pre-condition using: samwilson33@gmail.com
2026-09-25 16:34:09 [main] INFO  com.eventHub.utils.LogUtils - ==========================================================================
2026-09-25 16:34:09 [main] INFO  com.eventHub.utils.LogUtils -   STARTING SCENARIO: Verify that user is able add New Event
2026-09-25 16:34:09 [main] INFO  com.eventHub.utils.LogUtils - ==========================================================================
2026-09-25 16:34:10 [main] INFO  com.eventHub.utils.LogUtils - Executing composite login for pre-condition using: samwilson33@gmail.com
2026-09-25 16:37:58 [main] INFO  com.eventHub.utils.LogUtils - ==========================================================================
2026-09-25 16:37:58 [main] INFO  com.eventHub.utils.LogUtils -   STARTING SCENARIO: Verify that user is able add New Event
2026-09-25 16:37:58 [main] INFO  com.eventHub.utils.LogUtils - ==========================================================================
2026-09-25 16:38:00 [main] INFO  com.eventHub.utils.LogUtils - Executing composite login for pre-condition using: samwilson33@gmail.com
2026-09-25 16:38:02 [main] INFO  com.eventHub.utils.LogUtils - ==========================================================================
2026-09-25 16:38:02 [main] INFO  com.eventHub.utils.LogUtils -   STARTING SCENARIO: Verify that user can able to add all given details for new Event
2026-09-25 16:38:02 [main] INFO  com.eventHub.utils.LogUtils - ==========================================================================
2026-09-25 16:38:03 [main] INFO  com.eventHub.utils.LogUtils - Executing composite login for pre-condition using: samwilson33@gmail.com
2026-09-25 16:42:03 [main] INFO  com.eventHub.utils.LogUtils - ==========================================================================
2026-09-25 16:42:03 [main] INFO  com.eventHub.utils.LogUtils -   STARTING SCENARIO: Verify that user is able add New Event
2026-09-25 16:42:03 [main] INFO  com.eventHub.utils.LogUtils - ==========================================================================
2026-09-25 16:42:04 [main] INFO  com.eventHub.utils.LogUtils - Executing composite login for pre-condition using: samwilson33@gmail.com
2026-09-25 16:44:02 [main] INFO  com.eventHub.utils.LogUtils - ==========================================================================
2026-09-25 16:44:02 [main] INFO  com.eventHub.utils.LogUtils -   STARTING SCENARIO: Verify that user can able to add all given details for new Event
2026-09-25 16:44:02 [main] INFO  com.eventHub.utils.LogUtils - ==========================================================================
2026-09-25 16:44:03 [main] INFO  com.eventHub.utils.LogUtils - Executing composite login for pre-condition using: samwilson33@gmail.com
2026-09-25 16:47:35 [main] INFO  com.eventHub.utils.LogUtils - ==========================================================================
2026-09-25 16:47:35 [main] INFO  com.eventHub.utils.LogUtils -   STARTING SCENARIO: Verify that user is able add New Event
2026-09-25 16:47:35 [main] INFO  com.eventHub.utils.LogUtils - ==========================================================================
2026-09-25 16:47:36 [main] INFO  com.eventHub.utils.LogUtils - Executing composite login for pre-condition using: samwilson33@gmail.com
2026-09-25 16:47:47 [main] INFO  com.eventHub.utils.LogUtils - ==========================================================================
2026-09-25 16:47:47 [main] INFO  com.eventHub.utils.LogUtils -   STARTING SCENARIO: Verify that user can able to add all given details for new Event
2026-09-25 16:47:47 [main] INFO  com.eventHub.utils.LogUtils - ==========================================================================
2026-09-25 16:47:47 [main] INFO  com.eventHub.utils.LogUtils - Executing composite login for pre-condition using: samwilson33@gmail.com
2026-09-25 16:50:59 [main] INFO  com.eventHub.utils.LogUtils - ==========================================================================
2026-09-25 16:50:59 [main] INFO  com.eventHub.utils.LogUtils -   STARTING SCENARIO: Verify that user is able add New Event
2026-09-25 16:50:59 [main] INFO  com.eventHub.utils.LogUtils - ==========================================================================
2026-09-25 16:51:00 [main] INFO  com.eventHub.utils.LogUtils - Executing composite login for pre-condition using: samwilson33@gmail.com
2026-09-25 16:51:02 [main] INFO  com.eventHub.utils.LogUtils - ==========================================================================
2026-09-25 16:51:02 [main] INFO  com.eventHub.utils.LogUtils -   STARTING SCENARIO: Verify that user can able to add all given details for new Event
2026-09-25 16:51:02 [main] INFO  com.eventHub.utils.LogUtils - ==========================================================================
2026-09-25 16:51:03 [main] INFO  com.eventHub.utils.LogUtils - Executing composite login for pre-condition using: samwilson33@gmail.com
2026-09-25 16:57:22 [main] INFO  com.eventHub.utils.LogUtils - ==========================================================================
2026-09-25 16:57:22 [main] INFO  com.eventHub.utils.LogUtils -   STARTING SCENARIO: Verify that user is able add New Event
2026-09-25 16:57:22 [main] INFO  com.eventHub.utils.LogUtils - ==========================================================================
2026-09-25 16:57:23 [main] INFO  com.eventHub.utils.LogUtils - Executing composite login for pre-condition using: samwilson33@gmail.com
2026-09-25 16:57:25 [main] INFO  com.eventHub.utils.LogUtils - ==========================================================================
2026-09-25 16:57:25 [main] INFO  com.eventHub.utils.LogUtils -   STARTING SCENARIO: Verify that user can able to add all given details for new Event
2026-09-25 16:57:25 [main] INFO  com.eventHub.utils.LogUtils - ==========================================================================
2026-09-25 16:57:26 [main] INFO  com.eventHub.utils.LogUtils - Executing composite login for pre-condition using: samwilson33@gmail.com
2026-09-25 17:05:56 [main] INFO  com.eventHub.utils.LogUtils - ==========================================================================
2026-09-25 17:05:56 [main] INFO  com.eventHub.utils.LogUtils -   STARTING SCENARIO: Verify that user is able add New Event
2026-09-25 17:05:56 [main] INFO  com.eventHub.utils.LogUtils - ==========================================================================
2026-09-25 17:05:57 [main] INFO  com.eventHub.utils.LogUtils - Executing composite login for pre-condition using: samwilson33@gmail.com
2026-09-25 17:08:27 [main] INFO  com.eventHub.utils.LogUtils - ==========================================================================
2026-09-25 17:08:27 [main] INFO  com.eventHub.utils.LogUtils -   STARTING SCENARIO: Verify that user is able add New Event
2026-09-25 17:08:27 [main] INFO  com.eventHub.utils.LogUtils - ==========================================================================
2026-09-25 17:08:28 [main] INFO  com.eventHub.utils.LogUtils - Executing composite login for pre-condition using: samwilson33@gmail.com
2026-09-25 17:09:47 [main] INFO  com.eventHub.utils.LogUtils - ==========================================================================
2026-09-25 17:09:47 [main] INFO  com.eventHub.utils.LogUtils -   STARTING SCENARIO: Verify that user is able add New Event
2026-09-25 17:09:47 [main] INFO  com.eventHub.utils.LogUtils - ==========================================================================
2026-09-25 17:09:48 [main] INFO  com.eventHub.utils.LogUtils - Executing composite login for pre-condition using: samwilson33@gmail.com
2026-09-25 17:11:38 [main] INFO  com.eventHub.utils.LogUtils - ==========================================================================
2026-09-25 17:11:38 [main] INFO  com.eventHub.utils.LogUtils -   STARTING SCENARIO: Verify that user is able add New Event
2026-09-25 17:11:38 [main] INFO  com.eventHub.utils.LogUtils - ==========================================================================
2026-09-25 17:11:39 [main] INFO  com.eventHub.utils.LogUtils - Executing composite login for pre-condition using: samwilson33@gmail.com
2026-09-25 17:13:00 [main] INFO  com.eventHub.utils.LogUtils - ==========================================================================
2026-09-25 17:13:00 [main] INFO  com.eventHub.utils.LogUtils -   STARTING SCENARIO: Verify that user is able add New Event
2026-09-25 17:13:00 [main] INFO  com.eventHub.utils.LogUtils - ==========================================================================
2026-09-25 17:13:01 [main] INFO  com.eventHub.utils.LogUtils - Executing composite login for pre-condition using: samwilson33@gmail.com
2026-09-25 17:13:25 [main] INFO  com.eventHub.utils.LogUtils - ==========================================================================
2026-09-25 17:13:25 [main] INFO  com.eventHub.utils.LogUtils -   STARTING SCENARIO: Verify that user is able add New Event
2026-09-25 17:13:25 [main] INFO  com.eventHub.utils.LogUtils - ==========================================================================
2026-09-25 17:13:27 [main] INFO  com.eventHub.utils.LogUtils - Executing composite login for pre-condition using: samwilson33@gmail.com
2026-09-25 17:13:28 [main] INFO  com.eventHub.utils.LogUtils - ==========================================================================
2026-09-25 17:13:28 [main] INFO  com.eventHub.utils.LogUtils -   STARTING SCENARIO: Verify that user can able to add all given details for new Event
2026-09-25 17:13:28 [main] INFO  com.eventHub.utils.LogUtils - ==========================================================================
2026-09-25 17:13:29 [main] INFO  com.eventHub.utils.LogUtils - Executing composite login for pre-condition using: samwilson33@gmail.com
2026-09-25 17:19:37 [main] INFO  com.eventHub.utils.LogUtils - ==========================================================================
2026-09-25 17:19:37 [main] INFO  com.eventHub.utils.LogUtils -   STARTING SCENARIO: Verify that user is able add New Event
2026-09-25 17:19:37 [main] INFO  com.eventHub.utils.LogUtils - ==========================================================================
2026-09-25 17:19:38 [main] INFO  com.eventHub.utils.LogUtils - Executing composite login for pre-condition using: samwilson33@gmail.com
2026-09-25 17:19:39 [main] WARN  com.eventHub.utils.LogUtils - Native click intercepted on By.xpath: //div[@class='mt-12 flex justify-center']/a. Executing JavaScript click fallback.
2026-09-25 17:20:07 [main] INFO  com.eventHub.utils.LogUtils - ==========================================================================
2026-09-25 17:20:07 [main] INFO  com.eventHub.utils.LogUtils -   STARTING SCENARIO: Verify that user is able add New Event
2026-09-25 17:20:07 [main] INFO  com.eventHub.utils.LogUtils - ==========================================================================
2026-09-25 17:20:09 [main] INFO  com.eventHub.utils.LogUtils - Executing composite login for pre-condition using: samwilson33@gmail.com
2026-09-25 17:20:10 [main] WARN  com.eventHub.utils.LogUtils - Native click intercepted on By.xpath: //div[@class='mt-12 flex justify-center']/a. Executing JavaScript click fallback.
2026-09-25 17:20:10 [main] INFO  com.eventHub.utils.LogUtils - ==========================================================================
2026-09-25 17:20:10 [main] INFO  com.eventHub.utils.LogUtils -   STARTING SCENARIO: Verify that user can able to add all given details for new Event
2026-09-25 17:20:10 [main] INFO  com.eventHub.utils.LogUtils - ==========================================================================
2026-09-25 17:20:11 [main] INFO  com.eventHub.utils.LogUtils - Executing composite login for pre-condition using: samwilson33@gmail.com
2026-09-25 17:21:51 [main] INFO  com.eventHub.utils.LogUtils - ==========================================================================
2026-09-25 17:21:51 [main] INFO  com.eventHub.utils.LogUtils -   STARTING SCENARIO: Verify that user can able to add all given details for new Event
2026-09-25 17:21:51 [main] INFO  com.eventHub.utils.LogUtils - ==========================================================================
2026-09-25 17:21:52 [main] INFO  com.eventHub.utils.LogUtils - Executing composite login for pre-condition using: samwilson33@gmail.com
2026-09-25 17:23:01 [main] INFO  com.eventHub.utils.LogUtils - ==========================================================================
2026-09-25 17:23:01 [main] INFO  com.eventHub.utils.LogUtils -   STARTING SCENARIO: Verify that user is able add New Event
2026-09-25 17:23:01 [main] INFO  com.eventHub.utils.LogUtils - ==========================================================================
2026-09-25 17:23:02 [main] INFO  com.eventHub.utils.LogUtils - Executing composite login for pre-condition using: samwilson33@gmail.com
2026-09-25 17:23:04 [main] WARN  com.eventHub.utils.LogUtils - Native click intercepted on By.xpath: //div[@class='mt-12 flex justify-center']/a. Executing JavaScript click fallback.
2026-09-25 17:23:04 [main] INFO  com.eventHub.utils.LogUtils - ==========================================================================
2026-09-25 17:23:04 [main] INFO  com.eventHub.utils.LogUtils -   STARTING SCENARIO: Verify that user can able to add all given details for new Event
2026-09-25 17:23:04 [main] INFO  com.eventHub.utils.LogUtils - ==========================================================================
2026-09-25 17:23:05 [main] INFO  com.eventHub.utils.LogUtils - Executing composite login for pre-condition using: samwilson33@gmail.com
2026-09-25 20:51:26 [main] INFO  com.eventHub.utils.LogUtils - ==========================================================================
2026-09-25 20:51:26 [main] INFO  com.eventHub.utils.LogUtils -   STARTING SCENARIO: Verify that user is able add New Event
2026-09-25 20:51:26 [main] INFO  com.eventHub.utils.LogUtils - ==========================================================================
2026-09-25 20:51:28 [main] INFO  com.eventHub.utils.LogUtils - Executing composite login for pre-condition using: samwilson33@gmail.com
2026-09-25 20:51:30 [main] WARN  com.eventHub.utils.LogUtils - Native click intercepted on By.xpath: //div[@class='mt-12 flex justify-center']/a. Executing JavaScript click fallback.
2026-09-25 20:51:30 [main] INFO  com.eventHub.utils.LogUtils - ==========================================================================
2026-09-25 20:51:30 [main] INFO  com.eventHub.utils.LogUtils -   STARTING SCENARIO: Verify that user can able to add all given details for new Event
2026-09-25 20:51:30 [main] INFO  com.eventHub.utils.LogUtils - ==========================================================================
2026-09-25 20:51:31 [main] INFO  com.eventHub.utils.LogUtils - Executing composite login for pre-condition using: samwilson33@gmail.com
2026-09-25 20:55:04 [main] INFO  com.eventHub.utils.LogUtils - ==========================================================================
2026-09-25 20:55:04 [main] INFO  com.eventHub.utils.LogUtils -   STARTING SCENARIO: Verify that user is able add New Event
2026-09-25 20:55:04 [main] INFO  com.eventHub.utils.LogUtils - ==========================================================================
2026-09-25 20:55:06 [main] INFO  com.eventHub.utils.LogUtils - Executing composite login for pre-condition using: samwilson33@gmail.com
2026-09-25 20:55:07 [main] WARN  com.eventHub.utils.LogUtils - Native click intercepted on By.xpath: //div[@class='mt-12 flex justify-center']/a. Executing JavaScript click fallback.
2026-09-25 20:55:07 [main] INFO  com.eventHub.utils.LogUtils - ==========================================================================
2026-09-25 20:55:07 [main] INFO  com.eventHub.utils.LogUtils -   STARTING SCENARIO: Verify that user can able to add all given details for new Event
2026-09-25 20:55:07 [main] INFO  com.eventHub.utils.LogUtils - ==========================================================================
2026-09-25 20:55:08 [main] INFO  com.eventHub.utils.LogUtils - Executing composite login for pre-condition using: samwilson33@gmail.com
2026-09-25 20:57:51 [main] INFO  com.eventHub.utils.LogUtils - ==========================================================================
2026-09-25 20:57:51 [main] INFO  com.eventHub.utils.LogUtils -   STARTING SCENARIO: Verify that user is able add New Event
2026-09-25 20:57:51 [main] INFO  com.eventHub.utils.LogUtils - ==========================================================================
2026-09-25 20:57:53 [main] INFO  com.eventHub.utils.LogUtils - Executing composite login for pre-condition using: samwilson33@gmail.com
2026-09-25 20:57:54 [main] WARN  com.eventHub.utils.LogUtils - Native click intercepted on By.xpath: //div[@class='mt-12 flex justify-center']/a. Executing JavaScript click fallback.
2026-09-25 20:57:54 [main] INFO  com.eventHub.utils.LogUtils - ==========================================================================
2026-09-25 20:57:54 [main] INFO  com.eventHub.utils.LogUtils -   STARTING SCENARIO: Verify that user can able to add all given details for new Event
2026-09-25 20:57:54 [main] INFO  com.eventHub.utils.LogUtils - ==========================================================================
2026-09-25 20:57:55 [main] INFO  com.eventHub.utils.LogUtils - Executing composite login for pre-condition using: samwilson33@gmail.com
2026-09-25 21:06:00 [main] INFO  com.eventHub.utils.LogUtils - ==========================================================================
2026-09-25 21:06:00 [main] INFO  com.eventHub.utils.LogUtils -   STARTING SCENARIO: Verify that user is able add New Event
2026-09-25 21:06:00 [main] INFO  com.eventHub.utils.LogUtils - ==========================================================================
2026-09-25 21:06:02 [main] INFO  com.eventHub.utils.LogUtils - Executing composite login for pre-condition using: samwilson33@gmail.com
2026-09-25 21:06:04 [main] WARN  com.eventHub.utils.LogUtils - Native click intercepted on By.xpath: //div[@class='mt-12 flex justify-center']/a. Executing JavaScript click fallback.
2026-09-25 21:06:04 [main] INFO  com.eventHub.utils.LogUtils - ==========================================================================
2026-09-25 21:06:04 [main] INFO  com.eventHub.utils.LogUtils -   STARTING SCENARIO: Verify that user can able to add all given details for new Event
2026-09-25 21:06:04 [main] INFO  com.eventHub.utils.LogUtils - ==========================================================================
2026-09-25 21:06:05 [main] INFO  com.eventHub.utils.LogUtils - Executing composite login for pre-condition using: samwilson33@gmail.com
2026-09-25 21:07:42 [main] INFO  com.eventHub.utils.LogUtils - ==========================================================================
2026-09-25 21:07:42 [main] INFO  com.eventHub.utils.LogUtils -   STARTING SCENARIO: Verify that user is able add New Event
2026-09-25 21:07:42 [main] INFO  com.eventHub.utils.LogUtils - ==========================================================================
2026-09-25 21:07:43 [main] INFO  com.eventHub.utils.LogUtils - Executing composite login for pre-condition using: samwilson33@gmail.com
2026-09-25 21:07:45 [main] WARN  com.eventHub.utils.LogUtils - Native click intercepted on By.xpath: //div[@class='mt-12 flex justify-center']/a. Executing JavaScript click fallback.
2026-09-25 21:07:45 [main] INFO  com.eventHub.utils.LogUtils - ==========================================================================
2026-09-25 21:07:45 [main] INFO  com.eventHub.utils.LogUtils -   STARTING SCENARIO: Verify that user can able to add all given details for new Event
2026-09-25 21:07:45 [main] INFO  com.eventHub.utils.LogUtils - ==========================================================================
2026-09-25 21:07:46 [main] INFO  com.eventHub.utils.LogUtils - Executing composite login for pre-condition using: samwilson33@gmail.com
2026-09-25 23:22:48 [main] INFO  com.eventHub.utils.LogUtils - ==========================================================================
2026-09-25 23:22:48 [main] INFO  com.eventHub.utils.LogUtils -   STARTING SCENARIO: Verify that user is able add New Event
2026-09-25 23:22:48 [main] INFO  com.eventHub.utils.LogUtils - ==========================================================================
2026-09-25 23:22:49 [main] INFO  com.eventHub.utils.LogUtils - Executing composite login for pre-condition using: samwilson33@gmail.com
2026-09-25 23:22:51 [main] WARN  com.eventHub.utils.LogUtils - Native click intercepted on By.xpath: //div[@class='mt-12 flex justify-center']/a. Executing JavaScript click fallback.
2026-09-25 23:22:51 [main] INFO  com.eventHub.utils.LogUtils - ==========================================================================
2026-09-25 23:22:51 [main] INFO  com.eventHub.utils.LogUtils -   STARTING SCENARIO: Verify that user can able to add all given details for new Event
2026-09-25 23:22:51 [main] INFO  com.eventHub.utils.LogUtils - ==========================================================================
2026-09-25 23:22:52 [main] INFO  com.eventHub.utils.LogUtils - Executing composite login for pre-condition using: samwilson33@gmail.com
2026-09-25 23:24:24 [main] INFO  com.eventHub.utils.LogUtils - ==========================================================================
2026-09-25 23:24:24 [main] INFO  com.eventHub.utils.LogUtils -   STARTING SCENARIO: Verify that user can able to add all given details for new Event
2026-09-25 23:24:24 [main] INFO  com.eventHub.utils.LogUtils - ==========================================================================
2026-09-25 23:24:25 [main] INFO  com.eventHub.utils.LogUtils - Executing composite login for pre-condition using: samwilson33@gmail.com
2026-09-25 23:24:52 [main] INFO  com.eventHub.utils.LogUtils - ==========================================================================
2026-09-25 23:24:52 [main] INFO  com.eventHub.utils.LogUtils -   STARTING SCENARIO: Verify that user is able add New Event
2026-09-25 23:24:52 [main] INFO  com.eventHub.utils.LogUtils - ==========================================================================
2026-09-25 23:24:53 [main] INFO  com.eventHub.utils.LogUtils - Executing composite login for pre-condition using: samwilson33@gmail.com
2026-09-25 23:24:55 [main] WARN  com.eventHub.utils.LogUtils - Native click intercepted on By.xpath: //div[@class='mt-12 flex justify-center']/a. Executing JavaScript click fallback.
2026-09-25 23:24:55 [main] INFO  com.eventHub.utils.LogUtils - ==========================================================================
2026-09-25 23:24:55 [main] INFO  com.eventHub.utils.LogUtils -   STARTING SCENARIO: Verify that user can able to add all given details for new Event
2026-09-25 23:24:55 [main] INFO  com.eventHub.utils.LogUtils - ==========================================================================
2026-09-25 23:24:56 [main] INFO  com.eventHub.utils.LogUtils - Executing composite login for pre-condition using: samwilson33@gmail.com
2026-09-25 23:27:31 [main] INFO  com.eventHub.utils.LogUtils - ==========================================================================
2026-09-25 23:27:31 [main] INFO  com.eventHub.utils.LogUtils -   STARTING SCENARIO: Verify that user is able add New Event
2026-09-25 23:27:31 [main] INFO  com.eventHub.utils.LogUtils - ==========================================================================
2026-09-25 23:27:32 [main] INFO  com.eventHub.utils.LogUtils - Executing composite login for pre-condition using: samwilson33@gmail.com
2026-09-25 23:27:34 [main] WARN  com.eventHub.utils.LogUtils - Native click intercepted on By.xpath: //div[@class='mt-12 flex justify-center']/a. Executing JavaScript click fallback.
2026-09-25 23:27:34 [main] INFO  com.eventHub.utils.LogUtils - ==========================================================================
2026-09-25 23:27:34 [main] INFO  com.eventHub.utils.LogUtils -   STARTING SCENARIO: Verify that user can able to add all given details for new Event
2026-09-25 23:27:34 [main] INFO  com.eventHub.utils.LogUtils - ==========================================================================
2026-09-25 23:27:35 [main] INFO  com.eventHub.utils.LogUtils - Executing composite login for pre-condition using: samwilson33@gmail.com
2026-09-25 23:45:22 [main] INFO  com.eventHub.utils.LogUtils - ==========================================================================
2026-09-25 23:45:22 [main] INFO  com.eventHub.utils.LogUtils -   STARTING SCENARIO: Verify that user is able add New Event
2026-09-25 23:45:22 [main] INFO  com.eventHub.utils.LogUtils - ==========================================================================
2026-09-25 23:45:24 [main] INFO  com.eventHub.utils.LogUtils - Executing composite login for pre-condition using: samwilson33@gmail.com
2026-09-25 23:45:26 [main] WARN  com.eventHub.utils.LogUtils - Native click intercepted on By.xpath: //div[@class='mt-12 flex justify-center']/a. Executing JavaScript click fallback.
2026-09-25 23:45:26 [main] INFO  com.eventHub.utils.LogUtils - ==========================================================================
2026-09-25 23:45:26 [main] INFO  com.eventHub.utils.LogUtils -   STARTING SCENARIO: Verify that user can able to add all given details for new Event
2026-09-25 23:45:26 [main] INFO  com.eventHub.utils.LogUtils - ==========================================================================
2026-09-25 23:45:27 [main] INFO  com.eventHub.utils.LogUtils - Executing composite login for pre-condition using: samwilson33@gmail.com
2026-09-25 23:51:22 [main] INFO  com.eventHub.utils.LogUtils - ==========================================================================
2026-09-25 23:51:22 [main] INFO  com.eventHub.utils.LogUtils -   STARTING SCENARIO: Verify that user is able add New Event
2026-09-25 23:51:22 [main] INFO  com.eventHub.utils.LogUtils - ==========================================================================
2026-09-25 23:51:23 [main] INFO  com.eventHub.utils.LogUtils - Executing composite login for pre-condition using: samwilson33@gmail.com
2026-09-25 23:51:34 [main] INFO  com.eventHub.utils.LogUtils - ==========================================================================
2026-09-25 23:51:34 [main] INFO  com.eventHub.utils.LogUtils -   STARTING SCENARIO: Verify that user can able to add all given details for new Event
2026-09-25 23:51:34 [main] INFO  com.eventHub.utils.LogUtils - ==========================================================================
2026-09-25 23:51:35 [main] INFO  com.eventHub.utils.LogUtils - Executing composite login for pre-condition using: samwilson33@gmail.com
2026-09-25 23:54:20 [main] INFO  com.eventHub.utils.LogUtils - ==========================================================================
2026-09-25 23:54:20 [main] INFO  com.eventHub.utils.LogUtils -   STARTING SCENARIO: Verify that user is able add New Event
2026-09-25 23:54:20 [main] INFO  com.eventHub.utils.LogUtils - ==========================================================================
2026-09-25 23:54:22 [main] INFO  com.eventHub.utils.LogUtils - Executing composite login for pre-condition using: samwilson33@gmail.com
2026-09-25 23:54:32 [main] INFO  com.eventHub.utils.LogUtils - ==========================================================================
2026-09-25 23:54:32 [main] INFO  com.eventHub.utils.LogUtils -   STARTING SCENARIO: Verify that user can able to add all given details for new Event
2026-09-25 23:54:32 [main] INFO  com.eventHub.utils.LogUtils - ==========================================================================
2026-09-25 23:54:33 [main] INFO  com.eventHub.utils.LogUtils - Executing composite login for pre-condition using: samwilson33@gmail.com
2026-09-26 00:03:15 [main] INFO  com.eventHub.utils.LogUtils - ==========================================================================
2026-09-26 00:03:15 [main] INFO  com.eventHub.utils.LogUtils -   STARTING SCENARIO: Verify that user is able add New Event
2026-09-26 00:03:15 [main] INFO  com.eventHub.utils.LogUtils - ==========================================================================
2026-09-26 00:03:16 [main] INFO  com.eventHub.utils.LogUtils - Executing composite login for pre-condition using: samwilson33@gmail.com
2026-09-26 00:03:26 [main] INFO  com.eventHub.utils.LogUtils - ==========================================================================
2026-09-26 00:03:26 [main] INFO  com.eventHub.utils.LogUtils -   STARTING SCENARIO: Verify that user can able to add all given details for new Event
2026-09-26 00:03:26 [main] INFO  com.eventHub.utils.LogUtils - ==========================================================================
2026-09-26 00:03:27 [main] INFO  com.eventHub.utils.LogUtils - Executing composite login for pre-condition using: samwilson33@gmail.com
2026-09-26 00:07:42 [main] INFO  com.eventHub.utils.LogUtils - ==========================================================================
2026-09-26 00:07:42 [main] INFO  com.eventHub.utils.LogUtils -   STARTING SCENARIO: Verify that user is able add New Event
2026-09-26 00:07:42 [main] INFO  com.eventHub.utils.LogUtils - ==========================================================================
2026-09-26 00:07:43 [main] INFO  com.eventHub.utils.LogUtils - Executing composite login for pre-condition using: samwilson33@gmail.com
2026-09-26 00:07:44 [main] WARN  com.eventHub.utils.LogUtils - Native click intercepted on By.xpath: //div[@class='mt-12 flex justify-center']/a. Executing JavaScript click fallback.
2026-09-26 00:07:44 [main] INFO  com.eventHub.utils.LogUtils - ==========================================================================
2026-09-26 00:07:44 [main] INFO  com.eventHub.utils.LogUtils -   STARTING SCENARIO: Verify that user can able to add all given details for new Event
2026-09-26 00:07:44 [main] INFO  com.eventHub.utils.LogUtils - ==========================================================================
2026-09-26 00:07:45 [main] INFO  com.eventHub.utils.LogUtils - Executing composite login for pre-condition using: samwilson33@gmail.com
2026-09-26 16:18:30 [main] INFO  com.eventHub.utils.LogUtils - ==========================================================================
2026-09-26 16:18:30 [main] INFO  com.eventHub.utils.LogUtils -   STARTING SCENARIO: Verify that user can able to add all given details for new Event
2026-09-26 16:18:30 [main] INFO  com.eventHub.utils.LogUtils - ==========================================================================
2026-09-26 16:18:32 [main] INFO  com.eventHub.utils.LogUtils - Executing composite login for pre-condition using: samwilson33@gmail.com
2026-09-26 16:18:34 [main] WARN  com.eventHub.utils.LogUtils - Native click intercepted on By.xpath: //div[@class='mt-12 flex justify-center']/a. Executing JavaScript click fallback.
2026-09-26 16:22:42 [main] INFO  com.eventHub.utils.LogUtils - ==========================================================================
2026-09-26 16:22:42 [main] INFO  com.eventHub.utils.LogUtils -   STARTING SCENARIO: Verify that user can able to add all given details for new Event
2026-09-26 16:22:42 [main] INFO  com.eventHub.utils.LogUtils - ==========================================================================
2026-09-26 16:22:44 [main] INFO  com.eventHub.utils.LogUtils - Executing composite login for pre-condition using: samwilson33@gmail.com
2026-09-26 16:24:24 [main] INFO  com.eventHub.utils.LogUtils - ==========================================================================
2026-09-26 16:24:24 [main] INFO  com.eventHub.utils.LogUtils -   STARTING SCENARIO: Verify that user can able to add all given details for new Event
2026-09-26 16:24:24 [main] INFO  com.eventHub.utils.LogUtils - ==========================================================================
2026-09-26 16:24:26 [main] INFO  com.eventHub.utils.LogUtils - Executing composite login for pre-condition using: samwilson33@gmail.com
2026-09-26 16:24:27 [main] WARN  com.eventHub.utils.LogUtils - Native click intercepted on By.xpath: //div[@class='mt-12 flex justify-center']/a. Executing JavaScript click fallback.
2026-09-26 16:43:30 [main] INFO  com.eventHub.utils.LogUtils - ==========================================================================
2026-09-26 16:43:30 [main] INFO  com.eventHub.utils.LogUtils -   STARTING SCENARIO: Verify that user can able to add all given details for new Event
2026-09-26 16:43:30 [main] INFO  com.eventHub.utils.LogUtils - ==========================================================================
2026-09-26 16:43:32 [main] INFO  com.eventHub.utils.LogUtils - Executing composite login for pre-condition using: samwilson33@gmail.com
2026-09-26 16:47:27 [main] INFO  com.eventHub.utils.LogUtils - ==========================================================================
2026-09-26 16:47:27 [main] INFO  com.eventHub.utils.LogUtils -   STARTING SCENARIO: Verify that user can able to add all given details for new Event
2026-09-26 16:47:27 [main] INFO  com.eventHub.utils.LogUtils - ==========================================================================
2026-09-26 16:47:28 [main] INFO  com.eventHub.utils.LogUtils - Executing composite login for pre-condition using: samwilson33@gmail.com
2026-09-26 16:53:10 [main] INFO  com.eventHub.utils.LogUtils - ==========================================================================
2026-09-26 16:53:10 [main] INFO  com.eventHub.utils.LogUtils -   STARTING SCENARIO: Verify that user can able to add all given details for new Event
2026-09-26 16:53:10 [main] INFO  com.eventHub.utils.LogUtils - ==========================================================================
2026-09-26 16:53:11 [main] INFO  com.eventHub.utils.LogUtils - Executing composite login for pre-condition using: samwilson33@gmail.com
2026-09-26 16:54:00 [main] INFO  com.eventHub.utils.LogUtils - ==========================================================================
2026-09-26 16:54:00 [main] INFO  com.eventHub.utils.LogUtils -   STARTING SCENARIO: Verify that user can able to add all given details for new Event
2026-09-26 16:54:00 [main] INFO  com.eventHub.utils.LogUtils - ==========================================================================
2026-09-26 16:54:01 [main] INFO  com.eventHub.utils.LogUtils - Executing composite login for pre-condition using: samwilson33@gmail.com
2026-09-26 16:55:38 [main] INFO  com.eventHub.utils.LogUtils - ==========================================================================
2026-09-26 16:55:38 [main] INFO  com.eventHub.utils.LogUtils -   STARTING SCENARIO: Verify that user can able to add all given details for new Event
2026-09-26 16:55:38 [main] INFO  com.eventHub.utils.LogUtils - ==========================================================================
2026-09-26 16:55:39 [main] INFO  com.eventHub.utils.LogUtils - Executing composite login for pre-condition using: samwilson33@gmail.com
2026-09-26 16:55:40 [main] WARN  com.eventHub.utils.LogUtils - Native click intercepted on By.xpath: //div[@class='mt-12 flex justify-center']/a. Executing JavaScript click fallback.
2026-09-26 17:13:32 [main] INFO  com.eventHub.utils.LogUtils - ==========================================================================
2026-09-26 17:13:32 [main] INFO  com.eventHub.utils.LogUtils -   STARTING SCENARIO: Verify that user can able to add all given details for new Event
2026-09-26 17:13:32 [main] INFO  com.eventHub.utils.LogUtils - ==========================================================================
2026-09-26 17:13:33 [main] INFO  com.eventHub.utils.LogUtils - Executing composite login for pre-condition using: samwilson33@gmail.com
2026-09-26 17:15:52 [main] INFO  com.eventHub.utils.LogUtils - ==========================================================================
2026-09-26 17:15:52 [main] INFO  com.eventHub.utils.LogUtils -   STARTING SCENARIO: Verify that user can able to add all given details for new Event
2026-09-26 17:15:52 [main] INFO  com.eventHub.utils.LogUtils - ==========================================================================
2026-09-26 17:15:53 [main] INFO  com.eventHub.utils.LogUtils - Executing composite login for pre-condition using: samwilson33@gmail.com
2026-09-26 22:42:49 [main] INFO  com.eventHub.utils.LogUtils - ==========================================================================
2026-09-26 22:42:49 [main] INFO  com.eventHub.utils.LogUtils -   STARTING SCENARIO: Verify that user can able to add all given details for new Event
2026-09-26 22:42:49 [main] INFO  com.eventHub.utils.LogUtils - ==========================================================================
2026-09-26 22:42:51 [main] INFO  com.eventHub.utils.LogUtils - Executing composite login for pre-condition using: samwilson33@gmail.com
2026-09-26 22:51:52 [main] INFO  com.eventHub.utils.LogUtils - ==========================================================================
2026-09-26 22:51:52 [main] INFO  com.eventHub.utils.LogUtils -   STARTING SCENARIO: Verify that user can able to add all given details for new Event
2026-09-26 22:51:52 [main] INFO  com.eventHub.utils.LogUtils - ==========================================================================
2026-09-26 22:51:53 [main] INFO  com.eventHub.utils.LogUtils - Executing composite login for pre-condition using: samwilson33@gmail.com
2026-09-27 20:05:10 [main] INFO  com.eventHub.utils.LogUtils - ==========================================================================
2026-09-27 20:05:10 [main] INFO  com.eventHub.utils.LogUtils -   STARTING SCENARIO: Verify that user can able to add all given details for new Event
2026-09-27 20:05:10 [main] INFO  com.eventHub.utils.LogUtils - ==========================================================================
2026-09-27 20:05:12 [main] INFO  com.eventHub.utils.LogUtils - Executing composite login for pre-condition using: samwilson33@gmail.com
2026-09-27 20:14:45 [main] INFO  com.eventHub.utils.LogUtils - ==========================================================================
2026-09-27 20:14:45 [main] INFO  com.eventHub.utils.LogUtils -   STARTING SCENARIO: Verify that user can able to add all given details for new Event
2026-09-27 20:14:45 [main] INFO  com.eventHub.utils.LogUtils - ==========================================================================
2026-09-27 20:14:46 [main] INFO  com.eventHub.utils.LogUtils - Executing composite login for pre-condition using: samwilson33@gmail.com
2026-09-27 20:14:48 [main] WARN  com.eventHub.utils.LogUtils - Native click intercepted on By.xpath: //div[@class='mt-12 flex justify-center']/a. Executing JavaScript click fallback.
2026-09-27 20:23:19 [main] INFO  com.eventHub.utils.LogUtils - ==========================================================================
2026-09-27 20:23:19 [main] INFO  com.eventHub.utils.LogUtils -   STARTING SCENARIO: Verify that user can able to add all given details for new Event
2026-09-27 20:23:19 [main] INFO  com.eventHub.utils.LogUtils - ==========================================================================
2026-09-27 20:23:20 [main] INFO  com.eventHub.utils.LogUtils - Executing composite login for pre-condition using: samwilson33@gmail.com
2026-09-27 20:31:38 [main] INFO  com.eventHub.utils.LogUtils - ==========================================================================
2026-09-27 20:31:38 [main] INFO  com.eventHub.utils.LogUtils -   STARTING SCENARIO: Verify that user can able to add all given details for new Event
2026-09-27 20:31:38 [main] INFO  com.eventHub.utils.LogUtils - ==========================================================================
2026-09-27 20:31:40 [main] INFO  com.eventHub.utils.LogUtils - Executing composite login for pre-condition using: samwilson33@gmail.com
2026-09-27 20:31:41 [main] WARN  com.eventHub.utils.LogUtils - Native click intercepted on By.xpath: //div[@class='mt-12 flex justify-center']/a. Executing JavaScript click fallback.
2026-09-27 20:38:36 [main] INFO  com.eventHub.utils.LogUtils - ==========================================================================
2026-09-27 20:38:36 [main] INFO  com.eventHub.utils.LogUtils -   STARTING SCENARIO: Verify that user can able to add all given details for new Event
2026-09-27 20:38:36 [main] INFO  com.eventHub.utils.LogUtils - ==========================================================================
2026-09-27 20:38:38 [main] INFO  com.eventHub.utils.LogUtils - Executing composite login for pre-condition using: samwilson33@gmail.com
2026-09-27 20:38:39 [main] WARN  com.eventHub.utils.LogUtils - Native click intercepted on By.xpath: //div[@class='mt-12 flex justify-center']/a. Executing JavaScript click fallback.
2026-09-27 21:36:07 [main] INFO  com.eventHub.utils.LogUtils - ==========================================================================
2026-09-27 21:36:07 [main] INFO  com.eventHub.utils.LogUtils -   STARTING SCENARIO: Verify that user can able to add all given details for new Event
2026-09-27 21:36:07 [main] INFO  com.eventHub.utils.LogUtils - ==========================================================================
2026-09-27 21:36:12 [main] INFO  com.eventHub.utils.LogUtils - Executing composite login for pre-condition using: samwilson33@gmail.com
2026-09-27 21:36:13 [main] WARN  com.eventHub.utils.LogUtils - Native click intercepted on By.xpath: //div[@class='mt-12 flex justify-center']/a. Executing JavaScript click fallback.
2026-09-27 21:37:15 [main] INFO  com.eventHub.utils.LogUtils - ==========================================================================
2026-09-27 21:37:15 [main] INFO  com.eventHub.utils.LogUtils -   STARTING SCENARIO: Verify that user can able to add all given details for new Event
2026-09-27 21:37:15 [main] INFO  com.eventHub.utils.LogUtils - ==========================================================================
2026-09-27 21:37:16 [main] INFO  com.eventHub.utils.LogUtils - Executing composite login for pre-condition using: samwilson33@gmail.com
2026-09-27 21:37:18 [main] WARN  com.eventHub.utils.LogUtils - Native click intercepted on By.xpath: //div[@class='mt-12 flex justify-center']/a. Executing JavaScript click fallback.
2026-09-27 21:40:26 [main] INFO  com.eventHub.utils.LogUtils - ==========================================================================
2026-09-27 21:40:26 [main] INFO  com.eventHub.utils.LogUtils -   STARTING SCENARIO: Verify that user can able to add all given details for new Event
2026-09-27 21:40:26 [main] INFO  com.eventHub.utils.LogUtils - ==========================================================================
2026-09-27 21:40:27 [main] INFO  com.eventHub.utils.LogUtils - Executing composite login for pre-condition using: samwilson33@gmail.com
2026-09-27 21:40:28 [main] WARN  com.eventHub.utils.LogUtils - Native click intercepted on By.xpath: //div[@class='mt-12 flex justify-center']/a. Executing JavaScript click fallback.
2026-09-27 21:40:30 [main] WARN  com.eventHub.utils.LogUtils - Native click intercepted on By.xpath: //button[text()='+ Add Event']. Executing JavaScript click fallback.
2026-09-27 21:41:48 [main] INFO  com.eventHub.utils.LogUtils - ==========================================================================
2026-09-27 21:41:48 [main] INFO  com.eventHub.utils.LogUtils -   STARTING SCENARIO: Verify that user can able to add all given details for new Event
2026-09-27 21:41:48 [main] INFO  com.eventHub.utils.LogUtils - ==========================================================================
2026-09-27 21:41:49 [main] INFO  com.eventHub.utils.LogUtils - Executing composite login for pre-condition using: samwilson33@gmail.com
2026-09-27 21:41:51 [main] WARN  com.eventHub.utils.LogUtils - Native click intercepted on By.xpath: //div[@class='mt-12 flex justify-center']/a. Executing JavaScript click fallback.
2026-09-27 21:41:52 [main] WARN  com.eventHub.utils.LogUtils - Native click intercepted on By.xpath: //button[text()='+ Add Event']. Executing JavaScript click fallback.
2026-09-27 21:45:29 [main] INFO  com.eventHub.utils.LogUtils - ==========================================================================
2026-09-27 21:45:29 [main] INFO  com.eventHub.utils.LogUtils -   STARTING SCENARIO: Verify that user can able to add all given details for new Event
2026-09-27 21:45:29 [main] INFO  com.eventHub.utils.LogUtils - ==========================================================================
2026-09-27 21:45:30 [main] INFO  com.eventHub.utils.LogUtils - Executing composite login for pre-condition using: samwilson33@gmail.com
2026-09-27 21:45:32 [main] WARN  com.eventHub.utils.LogUtils - Native click intercepted on By.xpath: //div[@class='mt-12 flex justify-center']/a. Executing JavaScript click fallback.
2026-09-27 21:45:33 [main] WARN  com.eventHub.utils.LogUtils - Native click intercepted on By.xpath: //button[text()='+ Add Event']. Executing JavaScript click fallback.
2026-09-27 21:46:21 [main] INFO  com.eventHub.utils.LogUtils - ==========================================================================
2026-09-27 21:46:21 [main] INFO  com.eventHub.utils.LogUtils -   STARTING SCENARIO: Verify that user can able to add all given details for new Event
2026-09-27 21:46:21 [main] INFO  com.eventHub.utils.LogUtils - ==========================================================================
2026-09-27 21:46:23 [main] INFO  com.eventHub.utils.LogUtils - Executing composite login for pre-condition using: samwilson33@gmail.com
2026-09-27 21:46:24 [main] WARN  com.eventHub.utils.LogUtils - Native click intercepted on By.xpath: //div[@class='mt-12 flex justify-center']/a. Executing JavaScript click fallback.
2026-09-27 21:46:25 [main] WARN  com.eventHub.utils.LogUtils - Native click intercepted on By.xpath: //button[text()='+ Add Event']. Executing JavaScript click fallback.
2026-09-27 21:49:38 [main] INFO  com.eventHub.utils.LogUtils - ==========================================================================
2026-09-27 21:49:38 [main] INFO  com.eventHub.utils.LogUtils -   STARTING SCENARIO: Verify that user can able to add all given details for new Event
2026-09-27 21:49:38 [main] INFO  com.eventHub.utils.LogUtils - ==========================================================================
2026-09-27 21:49:39 [main] INFO  com.eventHub.utils.LogUtils - Executing composite login for pre-condition using: samwilson33@gmail.com
2026-09-27 21:49:40 [main] WARN  com.eventHub.utils.LogUtils - Native click intercepted on By.xpath: //div[@class='mt-12 flex justify-center']/a. Executing JavaScript click fallback.
2026-09-27 21:49:42 [main] WARN  com.eventHub.utils.LogUtils - Native click intercepted on By.xpath: //button[text()='+ Add Event']. Executing JavaScript click fallback.
2026-09-27 21:51:09 [main] INFO  com.eventHub.utils.LogUtils - ==========================================================================
2026-09-27 21:51:09 [main] INFO  com.eventHub.utils.LogUtils -   STARTING SCENARIO: Verify that user can able to add all given details for new Event
2026-09-27 21:51:09 [main] INFO  com.eventHub.utils.LogUtils - ==========================================================================
2026-09-27 21:51:10 [main] INFO  com.eventHub.utils.LogUtils - Executing composite login for pre-condition using: samwilson33@gmail.com
2026-09-27 21:51:12 [main] WARN  com.eventHub.utils.LogUtils - Native click intercepted on By.xpath: //div[@class='mt-12 flex justify-center']/a. Executing JavaScript click fallback.
2026-09-27 21:51:13 [main] WARN  com.eventHub.utils.LogUtils - Native click intercepted on By.xpath: //button[text()='+ Add Event']. Executing JavaScript click fallback.
2026-09-27 21:54:20 [main] INFO  com.eventHub.utils.LogUtils - ==========================================================================
2026-09-27 21:54:20 [main] INFO  com.eventHub.utils.LogUtils -   STARTING SCENARIO: Verify that user can able to add all given details for new Event
2026-09-27 21:54:20 [main] INFO  com.eventHub.utils.LogUtils - ==========================================================================
2026-09-27 21:54:21 [main] INFO  com.eventHub.utils.LogUtils - Executing composite login for pre-condition using: samwilson33@gmail.com
2026-09-27 21:54:23 [main] WARN  com.eventHub.utils.LogUtils - Native click intercepted on By.xpath: //div[@class='mt-12 flex justify-center']/a. Executing JavaScript click fallback.
2026-09-27 21:54:24 [main] WARN  com.eventHub.utils.LogUtils - Native click intercepted on By.xpath: //button[text()='+ Add Event']. Executing JavaScript click fallback.
2026-09-27 21:54:57 [main] INFO  com.eventHub.utils.LogUtils - ==========================================================================
2026-09-27 21:54:57 [main] INFO  com.eventHub.utils.LogUtils -   STARTING SCENARIO: Verify that user can able to add all given details for new Event
2026-09-27 21:54:57 [main] INFO  com.eventHub.utils.LogUtils - ==========================================================================
2026-09-27 21:54:58 [main] INFO  com.eventHub.utils.LogUtils - Executing composite login for pre-condition using: samwilson33@gmail.com
2026-09-27 21:55:00 [main] WARN  com.eventHub.utils.LogUtils - Native click intercepted on By.xpath: //div[@class='mt-12 flex justify-center']/a. Executing JavaScript click fallback.
2026-09-27 21:55:01 [main] WARN  com.eventHub.utils.LogUtils - Native click intercepted on By.xpath: //button[text()='+ Add Event']. Executing JavaScript click fallback.
2026-09-27 21:55:39 [main] INFO  com.eventHub.utils.LogUtils - ==========================================================================
2026-09-27 21:55:39 [main] INFO  com.eventHub.utils.LogUtils -   STARTING SCENARIO: Verify that user can able to add all given details for new Event
2026-09-27 21:55:39 [main] INFO  com.eventHub.utils.LogUtils - ==========================================================================
2026-09-27 21:55:40 [main] INFO  com.eventHub.utils.LogUtils - Executing composite login for pre-condition using: samwilson33@gmail.com
2026-09-27 21:55:42 [main] WARN  com.eventHub.utils.LogUtils - Native click intercepted on By.xpath: //div[@class='mt-12 flex justify-center']/a. Executing JavaScript click fallback.
2026-09-27 21:55:43 [main] WARN  com.eventHub.utils.LogUtils - Native click intercepted on By.xpath: //button[text()='+ Add Event']. Executing JavaScript click fallback.
2026-09-27 21:56:18 [main] INFO  com.eventHub.utils.LogUtils - ==========================================================================
2026-09-27 21:56:18 [main] INFO  com.eventHub.utils.LogUtils -   STARTING SCENARIO: Verify that user can able to add all given details for new Event
2026-09-27 21:56:18 [main] INFO  com.eventHub.utils.LogUtils - ==========================================================================
2026-09-27 21:56:19 [main] INFO  com.eventHub.utils.LogUtils - Executing composite login for pre-condition using: samwilson33@gmail.com
2026-09-27 21:56:20 [main] WARN  com.eventHub.utils.LogUtils - Native click intercepted on By.xpath: //div[@class='mt-12 flex justify-center']/a. Executing JavaScript click fallback.
2026-09-27 21:56:22 [main] WARN  com.eventHub.utils.LogUtils - Native click intercepted on By.xpath: //button[text()='+ Add Event']. Executing JavaScript click fallback.
2026-09-27 21:57:25 [main] INFO  com.eventHub.utils.LogUtils - ==========================================================================
2026-09-27 21:57:25 [main] INFO  com.eventHub.utils.LogUtils -   STARTING SCENARIO: Verify that user can able to add all given details for new Event
2026-09-27 21:57:25 [main] INFO  com.eventHub.utils.LogUtils - ==========================================================================
2026-09-27 21:57:27 [main] INFO  com.eventHub.utils.LogUtils - Executing composite login for pre-condition using: samwilson33@gmail.com
2026-09-27 21:57:30 [main] WARN  com.eventHub.utils.LogUtils - Native click intercepted on By.xpath: //div[@class='mt-12 flex justify-center']/a. Executing JavaScript click fallback.
2026-09-27 21:57:31 [main] WARN  com.eventHub.utils.LogUtils - Native click intercepted on By.xpath: //button[text()='+ Add Event']. Executing JavaScript click fallback.
2026-09-27 21:58:05 [main] INFO  com.eventHub.utils.LogUtils - ==========================================================================
2026-09-27 21:58:05 [main] INFO  com.eventHub.utils.LogUtils -   STARTING SCENARIO: Verify that user can able to add all given details for new Event
2026-09-27 21:58:05 [main] INFO  com.eventHub.utils.LogUtils - ==========================================================================
2026-09-27 21:58:06 [main] INFO  com.eventHub.utils.LogUtils - Executing composite login for pre-condition using: samwilson33@gmail.com
2026-09-27 21:58:09 [main] WARN  com.eventHub.utils.LogUtils - Native click intercepted on By.xpath: //div[@class='mt-12 flex justify-center']/a. Executing JavaScript click fallback.
2026-09-27 21:58:10 [main] WARN  com.eventHub.utils.LogUtils - Native click intercepted on By.xpath: //button[text()='+ Add Event']. Executing JavaScript click fallback.
2026-09-27 21:59:37 [main] INFO  com.eventHub.utils.LogUtils - ==========================================================================
2026-09-27 21:59:37 [main] INFO  com.eventHub.utils.LogUtils -   STARTING SCENARIO: Verify that user can able to add all given details for new Event
2026-09-27 21:59:37 [main] INFO  com.eventHub.utils.LogUtils - ==========================================================================
2026-09-27 21:59:38 [main] INFO  com.eventHub.utils.LogUtils - Executing composite login for pre-condition using: samwilson33@gmail.com
2026-09-27 21:59:40 [main] WARN  com.eventHub.utils.LogUtils - Native click intercepted on By.xpath: //div[@class='mt-12 flex justify-center']/a. Executing JavaScript click fallback.
2026-09-27 21:59:42 [main] WARN  com.eventHub.utils.LogUtils - Native click intercepted on By.xpath: //button[text()='+ Add Event']. Executing JavaScript click fallback.
2026-09-27 22:05:28 [main] INFO  com.eventHub.utils.LogUtils - ==========================================================================
2026-09-27 22:05:28 [main] INFO  com.eventHub.utils.LogUtils -   STARTING SCENARIO: Verify that user can able to add all given details for new Event
2026-09-27 22:05:28 [main] INFO  com.eventHub.utils.LogUtils - ==========================================================================
2026-09-27 22:05:30 [main] INFO  com.eventHub.utils.LogUtils - Executing composite login for pre-condition using: samwilson33@gmail.com
2026-09-27 22:05:31 [main] WARN  com.eventHub.utils.LogUtils - Native click intercepted on By.xpath: //div[@class='mt-12 flex justify-center']/a. Executing JavaScript click fallback.
2026-09-27 22:05:32 [main] WARN  com.eventHub.utils.LogUtils - Native click intercepted on By.xpath: //button[text()='+ Add Event']. Executing JavaScript click fallback.
2026-09-27 22:07:32 [main] INFO  com.eventHub.utils.LogUtils - ==========================================================================
2026-09-27 22:07:32 [main] INFO  com.eventHub.utils.LogUtils -   STARTING SCENARIO: Verify that user can able to add all given details for new Event
2026-09-27 22:07:32 [main] INFO  com.eventHub.utils.LogUtils - ==========================================================================
2026-09-27 22:07:33 [main] INFO  com.eventHub.utils.LogUtils - Executing composite login for pre-condition using: samwilson33@gmail.com
2026-09-27 22:07:36 [main] WARN  com.eventHub.utils.LogUtils - Native click intercepted on By.xpath: //div[@class='mt-12 flex justify-center']/a. Executing JavaScript click fallback.
2026-09-27 22:07:37 [main] WARN  com.eventHub.utils.LogUtils - Native click intercepted on By.xpath: //button[text()='+ Add Event']. Executing JavaScript click fallback.
2026-09-27 22:08:20 [main] INFO  com.eventHub.utils.LogUtils - ==========================================================================
2026-09-27 22:08:20 [main] INFO  com.eventHub.utils.LogUtils -   STARTING SCENARIO: Verify that user can able to add all given details for new Event
2026-09-27 22:08:20 [main] INFO  com.eventHub.utils.LogUtils - ==========================================================================
2026-09-27 22:08:21 [main] INFO  com.eventHub.utils.LogUtils - Executing composite login for pre-condition using: samwilson33@gmail.com
2026-09-27 22:08:23 [main] WARN  com.eventHub.utils.LogUtils - Native click intercepted on By.xpath: //div[@class='mt-12 flex justify-center']/a. Executing JavaScript click fallback.
2026-09-27 22:08:24 [main] WARN  com.eventHub.utils.LogUtils - Native click intercepted on By.xpath: //button[text()='+ Add Event']. Executing JavaScript click fallback.
2026-09-27 22:08:47 [main] INFO  com.eventHub.utils.LogUtils - ==========================================================================
2026-09-27 22:08:47 [main] INFO  com.eventHub.utils.LogUtils -   STARTING SCENARIO: Verify that user can able to add all given details for new Event
2026-09-27 22:08:47 [main] INFO  com.eventHub.utils.LogUtils - ==========================================================================
2026-09-27 22:08:48 [main] INFO  com.eventHub.utils.LogUtils - Executing composite login for pre-condition using: samwilson33@gmail.com
2026-09-27 22:08:50 [main] WARN  com.eventHub.utils.LogUtils - Native click intercepted on By.xpath: //div[@class='mt-12 flex justify-center']/a. Executing JavaScript click fallback.
2026-09-27 22:08:51 [main] WARN  com.eventHub.utils.LogUtils - Native click intercepted on By.xpath: //button[text()='+ Add Event']. Executing JavaScript click fallback.
2026-09-27 22:10:26 [main] INFO  com.eventHub.utils.LogUtils - ==========================================================================
2026-09-27 22:10:26 [main] INFO  com.eventHub.utils.LogUtils -   STARTING SCENARIO: Verify that user can able to add all given details for new Event
2026-09-27 22:10:26 [main] INFO  com.eventHub.utils.LogUtils - ==========================================================================
2026-09-27 22:10:27 [main] INFO  com.eventHub.utils.LogUtils - Executing composite login for pre-condition using: samwilson33@gmail.com
2026-09-27 22:10:29 [main] WARN  com.eventHub.utils.LogUtils - Native click intercepted on By.xpath: //div[@class='mt-12 flex justify-center']/a. Executing JavaScript click fallback.
2026-09-27 22:10:30 [main] WARN  com.eventHub.utils.LogUtils - Native click intercepted on By.xpath: //button[text()='+ Add Event']. Executing JavaScript click fallback.
2026-09-27 22:11:40 [main] INFO  com.eventHub.utils.LogUtils - ==========================================================================
2026-09-27 22:11:40 [main] INFO  com.eventHub.utils.LogUtils -   STARTING SCENARIO: Verify that user can able to add all given details for new Event
2026-09-27 22:11:40 [main] INFO  com.eventHub.utils.LogUtils - ==========================================================================
2026-09-27 22:11:42 [main] INFO  com.eventHub.utils.LogUtils - Executing composite login for pre-condition using: samwilson33@gmail.com
2026-09-27 22:11:43 [main] WARN  com.eventHub.utils.LogUtils - Native click intercepted on By.xpath: //div[@class='mt-12 flex justify-center']/a. Executing JavaScript click fallback.
2026-09-27 22:11:45 [main] WARN  com.eventHub.utils.LogUtils - Native click intercepted on By.xpath: //button[text()='+ Add Event']. Executing JavaScript click fallback.
2026-09-27 22:25:37 [main] INFO  com.eventHub.utils.LogUtils - ==========================================================================
2026-09-27 22:25:37 [main] INFO  com.eventHub.utils.LogUtils -   STARTING SCENARIO: Verify that user can able to add all given details for new Event
2026-09-27 22:25:37 [main] INFO  com.eventHub.utils.LogUtils - ==========================================================================
2026-09-27 22:25:38 [main] INFO  com.eventHub.utils.LogUtils - Executing composite login for pre-condition using: samwilson33@gmail.com
2026-09-27 22:25:40 [main] WARN  com.eventHub.utils.LogUtils - Native click intercepted on By.xpath: //div[@class='mt-12 flex justify-center']/a. Executing JavaScript click fallback.
2026-09-27 22:27:55 [main] INFO  com.eventHub.utils.LogUtils - ==========================================================================
2026-09-27 22:27:55 [main] INFO  com.eventHub.utils.LogUtils -   STARTING SCENARIO: Verify that user can able to add all given details for new Event
2026-09-27 22:27:55 [main] INFO  com.eventHub.utils.LogUtils - ==========================================================================
2026-09-27 22:27:57 [main] INFO  com.eventHub.utils.LogUtils - Executing composite login for pre-condition using: samwilson33@gmail.com
2026-09-27 22:27:58 [main] WARN  com.eventHub.utils.LogUtils - Native click intercepted on By.xpath: //div[@class='mt-12 flex justify-center']/a. Executing JavaScript click fallback.
2026-09-27 22:28:13 [main] INFO  com.eventHub.utils.LogUtils - ==========================================================================
2026-09-27 22:28:13 [main] INFO  com.eventHub.utils.LogUtils -   STARTING SCENARIO: Verify that user can able to add all given details for new Event
2026-09-27 22:28:13 [main] INFO  com.eventHub.utils.LogUtils - ==========================================================================
2026-09-27 22:28:15 [main] INFO  com.eventHub.utils.LogUtils - Executing composite login for pre-condition using: samwilson33@gmail.com
2026-09-27 22:28:16 [main] WARN  com.eventHub.utils.LogUtils - Native click intercepted on By.xpath: //div[@class='mt-12 flex justify-center']/a. Executing JavaScript click fallback.
2026-09-27 22:34:45 [main] INFO  com.eventHub.utils.LogUtils - ==========================================================================
2026-09-27 22:34:45 [main] INFO  com.eventHub.utils.LogUtils -   STARTING SCENARIO: Verify that user can able to add all given details for new Event
2026-09-27 22:34:45 [main] INFO  com.eventHub.utils.LogUtils - ==========================================================================
2026-09-27 22:34:46 [main] INFO  com.eventHub.utils.LogUtils - Executing composite login for pre-condition using: samwilson33@gmail.com
2026-09-27 22:34:48 [main] WARN  com.eventHub.utils.LogUtils - Native click intercepted on By.xpath: //div[@class='mt-12 flex justify-center']/a. Executing JavaScript click fallback.
2026-09-27 22:34:49 [main] WARN  com.eventHub.utils.LogUtils - Native click intercepted on By.xpath: //button[text()='+ Add Event']. Executing JavaScript click fallback.
2026-09-27 22:37:23 [main] INFO  com.eventHub.utils.LogUtils - ==========================================================================
2026-09-27 22:37:23 [main] INFO  com.eventHub.utils.LogUtils -   STARTING SCENARIO: Verify that user can able to add all given details for new Event
2026-09-27 22:37:23 [main] INFO  com.eventHub.utils.LogUtils - ==========================================================================
2026-09-27 22:37:25 [main] INFO  com.eventHub.utils.LogUtils - Executing composite login for pre-condition using: samwilson33@gmail.com
2026-09-27 22:37:26 [main] WARN  com.eventHub.utils.LogUtils - Native click intercepted on By.xpath: //div[@class='mt-12 flex justify-center']/a. Executing JavaScript click fallback.
2026-09-27 22:37:27 [main] WARN  com.eventHub.utils.LogUtils - Native click intercepted on By.xpath: //button[text()='+ Add Event']. Executing JavaScript click fallback.
2026-09-27 22:40:48 [main] INFO  com.eventHub.utils.LogUtils - ==========================================================================
2026-09-27 22:40:48 [main] INFO  com.eventHub.utils.LogUtils -   STARTING SCENARIO: Verify that user can able to add all given details for new Event
2026-09-27 22:40:48 [main] INFO  com.eventHub.utils.LogUtils - ==========================================================================
2026-09-27 22:40:49 [main] INFO  com.eventHub.utils.LogUtils - Executing composite login for pre-condition using: samwilson33@gmail.com
2026-09-27 22:40:51 [main] WARN  com.eventHub.utils.LogUtils - Native click intercepted on By.xpath: //div[@class='mt-12 flex justify-center']/a. Executing JavaScript click fallback.
2026-09-27 22:40:52 [main] WARN  com.eventHub.utils.LogUtils - Native click intercepted on By.xpath: //button[text()='+ Add Event']. Executing JavaScript click fallback.
2026-09-28 16:37:35 [main] INFO  com.eventHub.utils.LogUtils - ==========================================================================
2026-09-28 16:37:35 [main] INFO  com.eventHub.utils.LogUtils -   STARTING SCENARIO: Verify that user can able to add all given details for new Event
2026-09-28 16:37:35 [main] INFO  com.eventHub.utils.LogUtils - ==========================================================================
2026-09-28 16:37:37 [main] INFO  com.eventHub.utils.LogUtils - Executing composite login for pre-condition using: samwilson33@gmail.com
2026-09-28 16:37:39 [main] WARN  com.eventHub.utils.LogUtils - Native click intercepted on By.xpath: //div[@class='mt-12 flex justify-center']/a. Executing JavaScript click fallback.
2026-09-28 16:37:40 [main] WARN  com.eventHub.utils.LogUtils - Native click intercepted on By.xpath: //button[text()='+ Add Event']. Executing JavaScript click fallback.
2026-09-28 16:39:25 [main] INFO  com.eventHub.utils.LogUtils - ==========================================================================
2026-09-28 16:39:25 [main] INFO  com.eventHub.utils.LogUtils -   STARTING SCENARIO: Verify that user can able to add all given details for new Event
2026-09-28 16:39:25 [main] INFO  com.eventHub.utils.LogUtils - ==========================================================================
2026-09-28 16:39:26 [main] INFO  com.eventHub.utils.LogUtils - Executing composite login for pre-condition using: samwilson33@gmail.com
2026-09-28 16:39:28 [main] WARN  com.eventHub.utils.LogUtils - Native click intercepted on By.xpath: //div[@class='mt-12 flex justify-center']/a. Executing JavaScript click fallback.
2026-09-28 16:39:29 [main] WARN  com.eventHub.utils.LogUtils - Native click intercepted on By.xpath: //button[text()='+ Add Event']. Executing JavaScript click fallback.
2026-09-28 16:41:20 [main] INFO  com.eventHub.utils.LogUtils - ==========================================================================
2026-09-28 16:41:20 [main] INFO  com.eventHub.utils.LogUtils -   STARTING SCENARIO: Verify that user can able to add all given details for new Event
2026-09-28 16:41:20 [main] INFO  com.eventHub.utils.LogUtils - ==========================================================================
2026-09-28 16:41:21 [main] INFO  com.eventHub.utils.LogUtils - Executing composite login for pre-condition using: samwilson33@gmail.com
2026-09-28 16:41:22 [main] WARN  com.eventHub.utils.LogUtils - Native click intercepted on By.xpath: //div[@class='mt-12 flex justify-center']/a. Executing JavaScript click fallback.
2026-09-28 16:41:24 [main] WARN  com.eventHub.utils.LogUtils - Native click intercepted on By.xpath: //button[text()='+ Add Event']. Executing JavaScript click fallback.
2026-09-28 16:45:33 [main] INFO  com.eventHub.utils.LogUtils - ==========================================================================
2026-09-28 16:45:33 [main] INFO  com.eventHub.utils.LogUtils -   STARTING SCENARIO: Verify that user can able to add all given details for new Event
2026-09-28 16:45:33 [main] INFO  com.eventHub.utils.LogUtils - ==========================================================================
2026-09-28 16:45:36 [main] INFO  com.eventHub.utils.LogUtils - Executing composite login for pre-condition using: samwilson33@gmail.com
2026-09-28 16:45:38 [main] WARN  com.eventHub.utils.LogUtils - Native click intercepted on By.xpath: //div[@class='mt-12 flex justify-center']/a. Executing JavaScript click fallback.
2026-09-28 16:45:39 [main] WARN  com.eventHub.utils.LogUtils - Native click intercepted on By.xpath: //button[text()='+ Add Event']. Executing JavaScript click fallback.
2026-09-28 16:46:09 [main] INFO  com.eventHub.utils.LogUtils - ==========================================================================
2026-09-28 16:46:09 [main] INFO  com.eventHub.utils.LogUtils -   STARTING SCENARIO: Verify that user can able to add all given details for new Event
2026-09-28 16:46:09 [main] INFO  com.eventHub.utils.LogUtils - ==========================================================================
2026-09-28 16:46:10 [main] INFO  com.eventHub.utils.LogUtils - Executing composite login for pre-condition using: samwilson33@gmail.com
2026-09-28 16:46:13 [main] WARN  com.eventHub.utils.LogUtils - Native click intercepted on By.xpath: //div[@class='mt-12 flex justify-center']/a. Executing JavaScript click fallback.
2026-09-28 16:46:14 [main] WARN  com.eventHub.utils.LogUtils - Native click intercepted on By.xpath: //button[text()='+ Add Event']. Executing JavaScript click fallback.
2026-09-28 16:46:39 [main] INFO  com.eventHub.utils.LogUtils - ==========================================================================
2026-09-28 16:46:39 [main] INFO  com.eventHub.utils.LogUtils -   STARTING SCENARIO: Verify that user can able to add all given details for new Event
2026-09-28 16:46:39 [main] INFO  com.eventHub.utils.LogUtils - ==========================================================================
2026-09-28 16:46:40 [main] INFO  com.eventHub.utils.LogUtils - Executing composite login for pre-condition using: samwilson33@gmail.com
2026-09-28 16:46:42 [main] WARN  com.eventHub.utils.LogUtils - Native click intercepted on By.xpath: //div[@class='mt-12 flex justify-center']/a. Executing JavaScript click fallback.
2026-09-28 16:46:43 [main] WARN  com.eventHub.utils.LogUtils - Native click intercepted on By.xpath: //button[text()='+ Add Event']. Executing JavaScript click fallback.
2026-09-28 16:46:57 [main] INFO  com.eventHub.utils.LogUtils - ==========================================================================
2026-09-28 16:46:57 [main] INFO  com.eventHub.utils.LogUtils -   STARTING SCENARIO: Verify that user can able to add all given details for new Event
2026-09-28 16:46:57 [main] INFO  com.eventHub.utils.LogUtils - ==========================================================================
2026-09-28 16:46:59 [main] INFO  com.eventHub.utils.LogUtils - Executing composite login for pre-condition using: samwilson33@gmail.com
2026-09-28 16:47:00 [main] WARN  com.eventHub.utils.LogUtils - Native click intercepted on By.xpath: //div[@class='mt-12 flex justify-center']/a. Executing JavaScript click fallback.
2026-09-28 16:47:01 [main] WARN  com.eventHub.utils.LogUtils - Native click intercepted on By.xpath: //button[text()='+ Add Event']. Executing JavaScript click fallback.
2026-09-28 16:47:21 [main] INFO  com.eventHub.utils.LogUtils - ==========================================================================
2026-09-28 16:47:21 [main] INFO  com.eventHub.utils.LogUtils -   STARTING SCENARIO: Verify that user can able to add all given details for new Event
2026-09-28 16:47:21 [main] INFO  com.eventHub.utils.LogUtils - ==========================================================================
2026-09-28 16:47:22 [main] INFO  com.eventHub.utils.LogUtils - Executing composite login for pre-condition using: samwilson33@gmail.com
2026-09-28 16:47:23 [main] WARN  com.eventHub.utils.LogUtils - Native click intercepted on By.xpath: //div[@class='mt-12 flex justify-center']/a. Executing JavaScript click fallback.
2026-09-28 16:47:25 [main] WARN  com.eventHub.utils.LogUtils - Native click intercepted on By.xpath: //button[text()='+ Add Event']. Executing JavaScript click fallback.
2026-09-28 16:48:24 [main] INFO  com.eventHub.utils.LogUtils - ==========================================================================
2026-09-28 16:48:24 [main] INFO  com.eventHub.utils.LogUtils -   STARTING SCENARIO: Verify that user can able to add all given details for new Event
2026-09-28 16:48:24 [main] INFO  com.eventHub.utils.LogUtils - ==========================================================================
2026-09-28 16:48:25 [main] INFO  com.eventHub.utils.LogUtils - Executing composite login for pre-condition using: samwilson33@gmail.com
2026-09-28 16:48:26 [main] WARN  com.eventHub.utils.LogUtils - Native click intercepted on By.xpath: //div[@class='mt-12 flex justify-center']/a. Executing JavaScript click fallback.
2026-09-28 16:48:28 [main] WARN  com.eventHub.utils.LogUtils - Native click intercepted on By.xpath: //button[text()='+ Add Event']. Executing JavaScript click fallback.
2026-09-28 16:49:04 [main] INFO  com.eventHub.utils.LogUtils - ==========================================================================
2026-09-28 16:49:04 [main] INFO  com.eventHub.utils.LogUtils -   STARTING SCENARIO: Verify that user can able to add all given details for new Event
2026-09-28 16:49:04 [main] INFO  com.eventHub.utils.LogUtils - ==========================================================================
2026-09-28 16:49:06 [main] INFO  com.eventHub.utils.LogUtils - Executing composite login for pre-condition using: samwilson33@gmail.com
2026-09-28 16:49:07 [main] WARN  com.eventHub.utils.LogUtils - Native click intercepted on By.xpath: //div[@class='mt-12 flex justify-center']/a. Executing JavaScript click fallback.
2026-09-28 16:49:09 [main] WARN  com.eventHub.utils.LogUtils - Native click intercepted on By.xpath: //button[text()='+ Add Event']. Executing JavaScript click fallback.
2026-09-28 16:54:03 [main] INFO  com.eventHub.utils.LogUtils - ==========================================================================
2026-09-28 16:54:03 [main] INFO  com.eventHub.utils.LogUtils -   STARTING SCENARIO: Verify that user can able to add all given details for new Event
2026-09-28 16:54:03 [main] INFO  com.eventHub.utils.LogUtils - ==========================================================================
2026-09-28 16:54:04 [main] INFO  com.eventHub.utils.LogUtils - Executing composite login for pre-condition using: samwilson33@gmail.com
2026-09-28 16:56:38 [main] INFO  com.eventHub.utils.LogUtils - ==========================================================================
2026-09-28 16:56:38 [main] INFO  com.eventHub.utils.LogUtils -   STARTING SCENARIO: Verify that user can able to add all given details for new Event
2026-09-28 16:56:38 [main] INFO  com.eventHub.utils.LogUtils - ==========================================================================
2026-09-28 16:56:39 [main] INFO  com.eventHub.utils.LogUtils - Executing composite login for pre-condition using: samwilson33@gmail.com
2026-09-28 16:56:40 [main] WARN  com.eventHub.utils.LogUtils - Native click intercepted on By.xpath: //div[@class='mt-12 flex justify-center']/a. Executing JavaScript click fallback.
2026-09-28 16:56:42 [main] WARN  com.eventHub.utils.LogUtils - Native click intercepted on By.xpath: //button[text()='+ Add Event']. Executing JavaScript click fallback.
2026-09-28 16:57:35 [main] INFO  com.eventHub.utils.LogUtils - ==========================================================================
2026-09-28 16:57:35 [main] INFO  com.eventHub.utils.LogUtils -   STARTING SCENARIO: Verify that user can able to add all given details for new Event
2026-09-28 16:57:35 [main] INFO  com.eventHub.utils.LogUtils - ==========================================================================
2026-09-28 16:57:36 [main] INFO  com.eventHub.utils.LogUtils - Executing composite login for pre-condition using: samwilson33@gmail.com
2026-09-28 16:57:38 [main] WARN  com.eventHub.utils.LogUtils - Native click intercepted on By.xpath: //div[@class='mt-12 flex justify-center']/a. Executing JavaScript click fallback.
2026-09-28 16:57:39 [main] WARN  com.eventHub.utils.LogUtils - Native click intercepted on By.xpath: //button[text()='+ Add Event']. Executing JavaScript click fallback.
2026-09-28 16:58:32 [main] INFO  com.eventHub.utils.LogUtils - ==========================================================================
2026-09-28 16:58:32 [main] INFO  com.eventHub.utils.LogUtils -   STARTING SCENARIO: Verify that user can able to add all given details for new Event
2026-09-28 16:58:32 [main] INFO  com.eventHub.utils.LogUtils - ==========================================================================
2026-09-28 16:58:33 [main] INFO  com.eventHub.utils.LogUtils - Executing composite login for pre-condition using: samwilson33@gmail.com
2026-09-28 16:58:34 [main] WARN  com.eventHub.utils.LogUtils - Native click intercepted on By.xpath: //div[@class='mt-12 flex justify-center']/a. Executing JavaScript click fallback.
2026-09-28 16:58:36 [main] WARN  com.eventHub.utils.LogUtils - Native click intercepted on By.xpath: //button[text()='+ Add Event']. Executing JavaScript click fallback.
2026-09-28 18:49:34 [main] INFO  com.eventHub.utils.LogUtils - ==========================================================================
2026-09-28 18:49:34 [main] INFO  com.eventHub.utils.LogUtils -   STARTING SCENARIO: Verify that user can able to add all given details for new Event
2026-09-28 18:49:34 [main] INFO  com.eventHub.utils.LogUtils - ==========================================================================
2026-09-28 18:49:36 [main] INFO  com.eventHub.utils.LogUtils - Executing composite login for pre-condition using: samwilson33@gmail.com
2026-09-28 18:49:38 [main] WARN  com.eventHub.utils.LogUtils - Native click intercepted on By.xpath: //div[@class='mt-12 flex justify-center']/a. Executing JavaScript click fallback.
2026-09-28 18:49:39 [main] WARN  com.eventHub.utils.LogUtils - Native click intercepted on By.xpath: //button[text()='+ Add Event']. Executing JavaScript click fallback.
2026-09-28 18:58:51 [main] INFO  com.eventHub.utils.LogUtils - ==========================================================================
2026-09-28 18:58:51 [main] INFO  com.eventHub.utils.LogUtils -   STARTING SCENARIO: Verify that user can able to add all given details for new Event
2026-09-28 18:58:51 [main] INFO  com.eventHub.utils.LogUtils - ==========================================================================
2026-09-28 18:58:53 [main] INFO  com.eventHub.utils.LogUtils - Executing composite login for pre-condition using: samwilson33@gmail.com
2026-09-28 18:58:55 [main] WARN  com.eventHub.utils.LogUtils - Native click intercepted on By.xpath: //div[@class='mt-12 flex justify-center']/a. Executing JavaScript click fallback.
2026-09-28 18:58:56 [main] WARN  com.eventHub.utils.LogUtils - Native click intercepted on By.xpath: //button[text()='+ Add Event']. Executing JavaScript click fallback.
2026-09-28 19:00:02 [main] INFO  com.eventHub.utils.LogUtils - ==========================================================================
2026-09-28 19:00:02 [main] INFO  com.eventHub.utils.LogUtils -   STARTING SCENARIO: Verify that user can able to add all given details for new Event
2026-09-28 19:00:02 [main] INFO  com.eventHub.utils.LogUtils - ==========================================================================
2026-09-28 19:00:03 [main] INFO  com.eventHub.utils.LogUtils - Executing composite login for pre-condition using: samwilson33@gmail.com
2026-09-28 19:00:04 [main] WARN  com.eventHub.utils.LogUtils - Native click intercepted on By.xpath: //div[@class='mt-12 flex justify-center']/a. Executing JavaScript click fallback.
2026-09-28 19:00:06 [main] WARN  com.eventHub.utils.LogUtils - Native click intercepted on By.xpath: //button[text()='+ Add Event']. Executing JavaScript click fallback.
2026-09-28 19:03:13 [main] INFO  com.eventHub.utils.LogUtils - ==========================================================================
2026-09-28 19:03:13 [main] INFO  com.eventHub.utils.LogUtils -   STARTING SCENARIO: Verify that user can able to add all given details for new Event
2026-09-28 19:03:13 [main] INFO  com.eventHub.utils.LogUtils - ==========================================================================
2026-09-28 19:03:15 [main] INFO  com.eventHub.utils.LogUtils - Executing composite login for pre-condition using: samwilson33@gmail.com
2026-09-28 19:03:16 [main] WARN  com.eventHub.utils.LogUtils - Native click intercepted on By.xpath: //div[@class='mt-12 flex justify-center']/a. Executing JavaScript click fallback.
2026-09-28 19:03:17 [main] WARN  com.eventHub.utils.LogUtils - Native click intercepted on By.xpath: //button[text()='+ Add Event']. Executing JavaScript click fallback.
2026-09-28 19:15:41 [main] INFO  com.eventHub.utils.LogUtils - ==========================================================================
2026-09-28 19:15:41 [main] INFO  com.eventHub.utils.LogUtils -   STARTING SCENARIO: Verify that user can able to add all given details for new Event
2026-09-28 19:15:41 [main] INFO  com.eventHub.utils.LogUtils - ==========================================================================
2026-09-28 19:15:43 [main] INFO  com.eventHub.utils.LogUtils - Executing composite login for pre-condition using: samwilson33@gmail.com
2026-09-28 19:15:45 [main] WARN  com.eventHub.utils.LogUtils - Native click intercepted on By.xpath: //div[@class='mt-12 flex justify-center']/a. Executing JavaScript click fallback.
2026-09-28 19:15:46 [main] WARN  com.eventHub.utils.LogUtils - Native click intercepted on By.xpath: //button[text()='+ Add Event']. Executing JavaScript click fallback.
2026-09-28 19:42:12 [main] INFO  com.eventHub.utils.LogUtils - ==========================================================================
2026-09-28 19:42:12 [main] INFO  com.eventHub.utils.LogUtils -   STARTING SCENARIO: Verify that user can able to add all given details for new Event
2026-09-28 19:42:12 [main] INFO  com.eventHub.utils.LogUtils - ==========================================================================
2026-09-28 19:42:14 [main] INFO  com.eventHub.utils.LogUtils - Executing composite login for pre-condition using: samwilson33@gmail.com
2026-09-28 19:42:15 [main] WARN  com.eventHub.utils.LogUtils - Native click intercepted on By.xpath: //div[@class='mt-12 flex justify-center']/a. Executing JavaScript click fallback.
2026-09-28 19:42:17 [main] WARN  com.eventHub.utils.LogUtils - Native click intercepted on By.xpath: //button[text()='+ Add Event']. Executing JavaScript click fallback.
2026-09-28 19:46:03 [main] INFO  com.eventHub.utils.LogUtils - ==========================================================================
2026-09-28 19:46:03 [main] INFO  com.eventHub.utils.LogUtils -   STARTING SCENARIO: Verify that user can able to add all given details for new Event
2026-09-28 19:46:03 [main] INFO  com.eventHub.utils.LogUtils - ==========================================================================
2026-09-28 19:46:05 [main] INFO  com.eventHub.utils.LogUtils - Executing composite login for pre-condition using: samwilson33@gmail.com
2026-09-28 19:46:06 [main] WARN  com.eventHub.utils.LogUtils - Native click intercepted on By.xpath: //div[@class='mt-12 flex justify-center']/a. Executing JavaScript click fallback.
2026-09-28 19:46:07 [main] WARN  com.eventHub.utils.LogUtils - Native click intercepted on By.xpath: //button[text()='+ Add Event']. Executing JavaScript click fallback.
2026-09-28 20:13:21 [main] INFO  com.eventHub.utils.LogUtils - ==========================================================================
2026-09-28 20:13:21 [main] INFO  com.eventHub.utils.LogUtils -   STARTING SCENARIO: Verify that user can able to add all given details for new Event
2026-09-28 20:13:21 [main] INFO  com.eventHub.utils.LogUtils - ==========================================================================
2026-09-28 20:13:23 [main] INFO  com.eventHub.utils.LogUtils - Executing composite login for pre-condition using: samwilson33@gmail.com
2026-09-28 20:13:24 [main] WARN  com.eventHub.utils.LogUtils - Native click intercepted on By.xpath: //div[@class='mt-12 flex justify-center']/a. Executing JavaScript click fallback.
2026-09-28 20:13:26 [main] WARN  com.eventHub.utils.LogUtils - Native click intercepted on By.xpath: //button[text()='+ Add Event']. Executing JavaScript click fallback.
2026-09-28 20:13:27 [main] WARN  com.eventHub.utils.LogUtils - Native click intercepted on By.xpath: (//span[text()='New Year Party']//parent::td//following::td[@class='px-4 py-3.5']//following::button[@id='delete-event-btn'])[1]. Executing JavaScript click fallback.
2026-09-28 20:15:32 [main] INFO  com.eventHub.utils.LogUtils - ==========================================================================
2026-09-28 20:15:32 [main] INFO  com.eventHub.utils.LogUtils -   STARTING SCENARIO: Verify that user can able to add all given details for new Event
2026-09-28 20:15:32 [main] INFO  com.eventHub.utils.LogUtils - ==========================================================================
2026-09-28 20:15:33 [main] INFO  com.eventHub.utils.LogUtils - Executing composite login for pre-condition using: samwilson33@gmail.com
2026-09-28 20:15:35 [main] WARN  com.eventHub.utils.LogUtils - Native click intercepted on By.xpath: //div[@class='mt-12 flex justify-center']/a. Executing JavaScript click fallback.
2026-09-28 20:15:36 [main] WARN  com.eventHub.utils.LogUtils - Native click intercepted on By.xpath: //button[text()='+ Add Event']. Executing JavaScript click fallback.
2026-09-28 20:15:37 [main] WARN  com.eventHub.utils.LogUtils - Native click intercepted on By.xpath: (//span[text()='New Year Party']//parent::td//following::td[@class='px-4 py-3.5']//following::button[@id='delete-event-btn'])[1]. Executing JavaScript click fallback.
2026-09-28 20:19:19 [main] INFO  com.eventHub.utils.LogUtils - ==========================================================================
2026-09-28 20:19:19 [main] INFO  com.eventHub.utils.LogUtils -   STARTING SCENARIO: Verify that user can able to add all given details for new Event
2026-09-28 20:19:19 [main] INFO  com.eventHub.utils.LogUtils - ==========================================================================
2026-09-28 20:19:20 [main] INFO  com.eventHub.utils.LogUtils - Executing composite login for pre-condition using: samwilson33@gmail.com
2026-09-28 20:19:22 [main] WARN  com.eventHub.utils.LogUtils - Native click intercepted on By.xpath: //div[@class='mt-12 flex justify-center']/a. Executing JavaScript click fallback.
2026-09-28 20:19:23 [main] WARN  com.eventHub.utils.LogUtils - Native click intercepted on By.xpath: //button[text()='+ Add Event']. Executing JavaScript click fallback.
2026-09-28 20:19:24 [main] WARN  com.eventHub.utils.LogUtils - Native click intercepted on By.xpath: (//span[text()='New Year Party']//parent::td//following::td[@class='px-4 py-3.5']//following::button[@id='delete-event-btn'])[1]. Executing JavaScript click fallback.
2026-09-28 22:13:21 [main] INFO  com.eventHub.utils.LogUtils - ==========================================================================
2026-09-28 22:13:21 [main] INFO  com.eventHub.utils.LogUtils -   STARTING SCENARIO: Verify that user can able to add all given details for new Event
2026-09-28 22:13:21 [main] INFO  com.eventHub.utils.LogUtils - ==========================================================================
2026-09-28 22:13:24 [main] INFO  com.eventHub.utils.LogUtils - Executing composite login for pre-condition using: samwilson33@gmail.com
2026-09-28 22:13:26 [main] WARN  com.eventHub.utils.LogUtils - Native click intercepted on By.xpath: //div[@class='mt-12 flex justify-center']/a. Executing JavaScript click fallback.
2026-09-28 22:13:28 [main] WARN  com.eventHub.utils.LogUtils - Native click intercepted on By.xpath: //button[text()='+ Add Event']. Executing JavaScript click fallback.
2026-09-28 22:13:29 [main] WARN  com.eventHub.utils.LogUtils - Native click intercepted on By.xpath: (//span[text()='New Year Party']//parent::td//following::td[@class='px-4 py-3.5']//following::button[@id='delete-event-btn'])[1]. Executing JavaScript click fallback.
2026-09-28 22:14:58 [main] INFO  com.eventHub.utils.LogUtils - ==========================================================================
2026-09-28 22:14:58 [main] INFO  com.eventHub.utils.LogUtils -   STARTING SCENARIO: Verify that user can able to add all given details for new Event
2026-09-28 22:14:58 [main] INFO  com.eventHub.utils.LogUtils - ==========================================================================
2026-09-28 22:14:59 [main] INFO  com.eventHub.utils.LogUtils - Executing composite login for pre-condition using: samwilson33@gmail.com
2026-09-28 22:15:00 [main] WARN  com.eventHub.utils.LogUtils - Native click intercepted on By.xpath: //div[@class='mt-12 flex justify-center']/a. Executing JavaScript click fallback.
2026-09-28 22:15:02 [main] WARN  com.eventHub.utils.LogUtils - Native click intercepted on By.xpath: //button[text()='+ Add Event']. Executing JavaScript click fallback.
2026-09-28 22:15:03 [main] WARN  com.eventHub.utils.LogUtils - Native click intercepted on By.xpath: (//span[text()='New Year Party']//parent::td//following::td[@class='px-4 py-3.5']//following::button[@id='delete-event-btn'])[1]. Executing JavaScript click fallback.
2026-09-28 22:21:01 [main] INFO  com.eventHub.utils.LogUtils - ==========================================================================
2026-09-28 22:21:01 [main] INFO  com.eventHub.utils.LogUtils -   STARTING SCENARIO: Verify that user can able to add all given details for new Event
2026-09-28 22:21:01 [main] INFO  com.eventHub.utils.LogUtils - ==========================================================================
2026-09-28 22:21:02 [main] INFO  com.eventHub.utils.LogUtils - Executing composite login for pre-condition using: samwilson33@gmail.com
2026-09-28 22:21:04 [main] WARN  com.eventHub.utils.LogUtils - Native click intercepted on By.xpath: //div[@class='mt-12 flex justify-center']/a. Executing JavaScript click fallback.
2026-09-28 22:21:05 [main] WARN  com.eventHub.utils.LogUtils - Native click intercepted on By.xpath: //button[text()='+ Add Event']. Executing JavaScript click fallback.
2026-09-28 22:21:06 [main] WARN  com.eventHub.utils.LogUtils - Native click intercepted on By.xpath: (//span[text()='New Year Party']//parent::td//following::td[@class='px-4 py-3.5']//following::button[@id='delete-event-btn'])[1]. Executing JavaScript click fallback.
2026-09-28 22:24:07 [TestNG-PoolService-3] INFO  com.eventHub.utils.LogUtils - ==========================================================================
2026-09-28 22:24:07 [TestNG-PoolService-2] INFO  com.eventHub.utils.LogUtils - ==========================================================================
2026-09-28 22:24:07 [TestNG-PoolService-4] INFO  com.eventHub.utils.LogUtils - ==========================================================================
2026-09-28 22:24:07 [TestNG-PoolService-1] INFO  com.eventHub.utils.LogUtils - ==========================================================================
2026-09-28 22:24:07 [TestNG-PoolService-2] INFO  com.eventHub.utils.LogUtils -   STARTING SCENARIO: Verify user can browse available events
2026-09-28 22:24:07 [TestNG-PoolService-3] INFO  com.eventHub.utils.LogUtils -   STARTING SCENARIO: Book and cancel event tickets
2026-09-28 22:24:07 [TestNG-PoolService-4] INFO  com.eventHub.utils.LogUtils -   STARTING SCENARIO: Verify that user can able to add all given details for new Event
2026-09-28 22:24:07 [TestNG-PoolService-2] INFO  com.eventHub.utils.LogUtils - ==========================================================================
2026-09-28 22:24:07 [TestNG-PoolService-1] INFO  com.eventHub.utils.LogUtils -   STARTING SCENARIO: Successful login with valid credentials
2026-09-28 22:24:07 [TestNG-PoolService-3] INFO  com.eventHub.utils.LogUtils - ==========================================================================
2026-09-28 22:24:07 [TestNG-PoolService-4] INFO  com.eventHub.utils.LogUtils - ==========================================================================
2026-09-28 22:24:07 [TestNG-PoolService-1] INFO  com.eventHub.utils.LogUtils - ==========================================================================
2026-09-28 22:24:09 [TestNG-PoolService-2] INFO  com.eventHub.utils.LogUtils - Executing composite login for pre-condition using: samwilson33@gmail.com
2026-09-28 22:24:09 [TestNG-PoolService-3] INFO  com.eventHub.utils.LogUtils - Executing composite login for pre-condition using: samwilson33@gmail.com
2026-09-28 22:24:09 [TestNG-PoolService-4] INFO  com.eventHub.utils.LogUtils - Executing composite login for pre-condition using: samwilson33@gmail.com
2026-09-28 22:24:09 [TestNG-PoolService-1] INFO  com.eventHub.utils.LogUtils -   FINISHED SCENARIO: Successful login with valid credentials | STATUS: {}
2026-09-28 22:24:09 [TestNG-PoolService-1] INFO  com.eventHub.utils.LogUtils - ==========================================================================
2026-09-28 22:24:11 [TestNG-PoolService-2] INFO  com.eventHub.utils.LogUtils -   FINISHED SCENARIO: Verify user can browse available events | STATUS: {}
2026-09-28 22:24:11 [TestNG-PoolService-2] INFO  com.eventHub.utils.LogUtils - ==========================================================================
2026-09-28 22:24:12 [TestNG-PoolService-4] WARN  com.eventHub.utils.LogUtils - Native click intercepted on By.xpath: //div[@class='mt-12 flex justify-center']/a. Executing JavaScript click fallback.
2026-09-28 22:24:12 [TestNG-PoolService-3] INFO  com.eventHub.utils.LogUtils -   FINISHED SCENARIO: Book and cancel event tickets | STATUS: {}
2026-09-28 22:24:12 [TestNG-PoolService-3] INFO  com.eventHub.utils.LogUtils - ==========================================================================
2026-09-28 22:24:13 [TestNG-PoolService-4] WARN  com.eventHub.utils.LogUtils - Native click intercepted on By.xpath: //button[text()='+ Add Event']. Executing JavaScript click fallback.
2026-09-28 22:24:14 [TestNG-PoolService-4] WARN  com.eventHub.utils.LogUtils - Native click intercepted on By.xpath: (//span[text()='New Year Party']//parent::td//following::td[@class='px-4 py-3.5']//following::button[@id='delete-event-btn'])[1]. Executing JavaScript click fallback.
2026-09-28 22:24:14 [TestNG-PoolService-4] INFO  com.eventHub.utils.LogUtils -   FINISHED SCENARIO: Verify that user can able to add all given details for new Event | STATUS: {}
2026-09-28 22:24:14 [TestNG-PoolService-4] INFO  com.eventHub.utils.LogUtils - ==========================================================================
2026-09-28 22:29:02 [TestNG-PoolService-1] INFO  com.eventHub.utils.LogUtils - ==========================================================================
2026-09-28 22:29:02 [TestNG-PoolService-4] INFO  com.eventHub.utils.LogUtils - ==========================================================================
2026-09-28 22:29:02 [TestNG-PoolService-3] INFO  com.eventHub.utils.LogUtils - ==========================================================================
2026-09-28 22:29:02 [TestNG-PoolService-2] INFO  com.eventHub.utils.LogUtils - ==========================================================================
2026-09-28 22:29:02 [TestNG-PoolService-1] INFO  com.eventHub.utils.LogUtils -   STARTING SCENARIO: Successful login with valid credentials
2026-09-28 22:29:02 [TestNG-PoolService-4] INFO  com.eventHub.utils.LogUtils -   STARTING SCENARIO: Verify that user can able to add all given details for new Event
2026-09-28 22:29:02 [TestNG-PoolService-1] INFO  com.eventHub.utils.LogUtils - ==========================================================================
2026-09-28 22:29:02 [TestNG-PoolService-2] INFO  com.eventHub.utils.LogUtils -   STARTING SCENARIO: Verify user can browse available events
2026-09-28 22:29:02 [TestNG-PoolService-3] INFO  com.eventHub.utils.LogUtils -   STARTING SCENARIO: Book and cancel event tickets
2026-09-28 22:29:02 [TestNG-PoolService-4] INFO  com.eventHub.utils.LogUtils - ==========================================================================
2026-09-28 22:29:02 [TestNG-PoolService-2] INFO  com.eventHub.utils.LogUtils - ==========================================================================
2026-09-28 22:29:02 [TestNG-PoolService-3] INFO  com.eventHub.utils.LogUtils - ==========================================================================
2026-09-28 22:29:14 [TestNG-PoolService-2] INFO  com.eventHub.utils.LogUtils -   FINISHED SCENARIO: Verify user can browse available events | STATUS: {}
2026-09-28 22:29:14 [TestNG-PoolService-1] INFO  com.eventHub.utils.LogUtils -   FINISHED SCENARIO: Successful login with valid credentials | STATUS: {}
2026-09-28 22:29:14 [TestNG-PoolService-4] INFO  com.eventHub.utils.LogUtils -   FINISHED SCENARIO: Verify that user can able to add all given details for new Event | STATUS: {}
2026-09-28 22:29:14 [TestNG-PoolService-1] INFO  com.eventHub.utils.LogUtils - ==========================================================================
2026-09-28 22:29:14 [TestNG-PoolService-2] INFO  com.eventHub.utils.LogUtils - ==========================================================================
2026-09-28 22:29:14 [TestNG-PoolService-4] INFO  com.eventHub.utils.LogUtils - ==========================================================================
2026-09-28 22:29:14 [TestNG-PoolService-3] INFO  com.eventHub.utils.LogUtils -   FINISHED SCENARIO: Book and cancel event tickets | STATUS: {}
2026-09-28 22:29:14 [TestNG-PoolService-3] INFO  com.eventHub.utils.LogUtils - ==========================================================================
2026-09-28 22:34:32 [TestNG-PoolService-2] INFO  com.eventHub.utils.LogUtils - ==========================================================================
2026-09-28 22:34:32 [TestNG-PoolService-4] INFO  com.eventHub.utils.LogUtils - ==========================================================================
2026-09-28 22:34:32 [TestNG-PoolService-3] INFO  com.eventHub.utils.LogUtils - ==========================================================================
2026-09-28 22:34:32 [TestNG-PoolService-1] INFO  com.eventHub.utils.LogUtils - ==========================================================================
2026-09-28 22:34:32 [TestNG-PoolService-2] INFO  com.eventHub.utils.LogUtils -   STARTING SCENARIO: Verify user can browse available events
2026-09-28 22:34:32 [TestNG-PoolService-4] INFO  com.eventHub.utils.LogUtils -   STARTING SCENARIO: Verify that user can able to add all given details for new Event
2026-09-28 22:34:32 [TestNG-PoolService-1] INFO  com.eventHub.utils.LogUtils -   STARTING SCENARIO: Successful login with valid credentials
2026-09-28 22:34:32 [TestNG-PoolService-2] INFO  com.eventHub.utils.LogUtils - ==========================================================================
2026-09-28 22:34:32 [TestNG-PoolService-3] INFO  com.eventHub.utils.LogUtils -   STARTING SCENARIO: Book and cancel event tickets
2026-09-28 22:34:32 [TestNG-PoolService-4] INFO  com.eventHub.utils.LogUtils - ==========================================================================
2026-09-28 22:34:32 [TestNG-PoolService-1] INFO  com.eventHub.utils.LogUtils - ==========================================================================
2026-09-28 22:34:32 [TestNG-PoolService-3] INFO  com.eventHub.utils.LogUtils - ==========================================================================
2026-09-28 22:34:33 [TestNG-PoolService-2] INFO  com.eventHub.utils.LogUtils -   FINISHED SCENARIO: Verify user can browse available events | STATUS: {}
2026-09-28 22:34:33 [TestNG-PoolService-3] INFO  com.eventHub.utils.LogUtils -   FINISHED SCENARIO: Book and cancel event tickets | STATUS: {}
2026-09-28 22:34:33 [TestNG-PoolService-3] INFO  com.eventHub.utils.LogUtils - ==========================================================================
2026-09-28 22:34:33 [TestNG-PoolService-2] INFO  com.eventHub.utils.LogUtils - ==========================================================================
2026-09-28 22:34:33 [TestNG-PoolService-4] INFO  com.eventHub.utils.LogUtils -   FINISHED SCENARIO: Verify that user can able to add all given details for new Event | STATUS: {}
2026-09-28 22:34:33 [TestNG-PoolService-4] INFO  com.eventHub.utils.LogUtils - ==========================================================================
2026-09-28 22:34:34 [TestNG-PoolService-1] INFO  com.eventHub.utils.LogUtils -   FINISHED SCENARIO: Successful login with valid credentials | STATUS: {}
2026-09-28 22:34:34 [TestNG-PoolService-1] INFO  com.eventHub.utils.LogUtils - ==========================================================================
2026-09-28 22:36:29 [TestNG-PoolService-4] INFO  com.eventHub.utils.LogUtils - ==========================================================================
2026-09-28 22:36:29 [TestNG-PoolService-1] INFO  com.eventHub.utils.LogUtils - ==========================================================================
2026-09-28 22:36:29 [TestNG-PoolService-2] INFO  com.eventHub.utils.LogUtils - ==========================================================================
2026-09-28 22:36:29 [TestNG-PoolService-3] INFO  com.eventHub.utils.LogUtils - ==========================================================================
2026-09-28 22:36:29 [TestNG-PoolService-1] INFO  com.eventHub.utils.LogUtils -   STARTING SCENARIO: Successful login with valid credentials
2026-09-28 22:36:29 [TestNG-PoolService-2] INFO  com.eventHub.utils.LogUtils -   STARTING SCENARIO: Verify user can browse available events
2026-09-28 22:36:29 [TestNG-PoolService-1] INFO  com.eventHub.utils.LogUtils - ==========================================================================
2026-09-28 22:36:29 [TestNG-PoolService-3] INFO  com.eventHub.utils.LogUtils -   STARTING SCENARIO: Book and cancel event tickets
2026-09-28 22:36:29 [TestNG-PoolService-4] INFO  com.eventHub.utils.LogUtils -   STARTING SCENARIO: Verify that user can able to add all given details for new Event
2026-09-28 22:36:29 [TestNG-PoolService-2] INFO  com.eventHub.utils.LogUtils - ==========================================================================
2026-09-28 22:36:29 [TestNG-PoolService-3] INFO  com.eventHub.utils.LogUtils - ==========================================================================
2026-09-28 22:36:29 [TestNG-PoolService-4] INFO  com.eventHub.utils.LogUtils - ==========================================================================
2026-09-28 22:36:30 [TestNG-PoolService-4] INFO  com.eventHub.utils.LogUtils -   FINISHED SCENARIO: Verify that user can able to add all given details for new Event | STATUS: {}
2026-09-28 22:36:30 [TestNG-PoolService-4] INFO  com.eventHub.utils.LogUtils - ==========================================================================
2026-09-28 22:36:30 [TestNG-PoolService-2] INFO  com.eventHub.utils.LogUtils -   FINISHED SCENARIO: Verify user can browse available events | STATUS: {}
2026-09-28 22:36:30 [TestNG-PoolService-2] INFO  com.eventHub.utils.LogUtils - ==========================================================================
2026-09-28 22:36:31 [TestNG-PoolService-1] INFO  com.eventHub.utils.LogUtils -   FINISHED SCENARIO: Successful login with valid credentials | STATUS: {}
2026-09-28 22:36:31 [TestNG-PoolService-1] INFO  com.eventHub.utils.LogUtils - ==========================================================================
2026-09-28 22:36:31 [TestNG-PoolService-3] INFO  com.eventHub.utils.LogUtils -   FINISHED SCENARIO: Book and cancel event tickets | STATUS: {}
2026-09-28 22:36:31 [TestNG-PoolService-3] INFO  com.eventHub.utils.LogUtils - ==========================================================================
2026-09-28 22:42:05 [TestNG-PoolService-1] INFO  com.eventHub.utils.LogUtils - ==========================================================================
2026-09-28 22:42:05 [TestNG-PoolService-2] INFO  com.eventHub.utils.LogUtils - ==========================================================================
2026-09-28 22:42:05 [TestNG-PoolService-4] INFO  com.eventHub.utils.LogUtils - ==========================================================================
2026-09-28 22:42:05 [TestNG-PoolService-3] INFO  com.eventHub.utils.LogUtils - ==========================================================================
2026-09-28 22:42:05 [TestNG-PoolService-1] INFO  com.eventHub.utils.LogUtils -   STARTING SCENARIO: Successful login with valid credentials
2026-09-28 22:42:05 [TestNG-PoolService-3] INFO  com.eventHub.utils.LogUtils -   STARTING SCENARIO: Book and cancel event tickets
2026-09-28 22:42:05 [TestNG-PoolService-2] INFO  com.eventHub.utils.LogUtils -   STARTING SCENARIO: Verify user can browse available events
2026-09-28 22:42:05 [TestNG-PoolService-4] INFO  com.eventHub.utils.LogUtils -   STARTING SCENARIO: Verify that user can able to add all given details for new Event
2026-09-28 22:42:05 [TestNG-PoolService-1] INFO  com.eventHub.utils.LogUtils - ==========================================================================
2026-09-28 22:42:05 [TestNG-PoolService-2] INFO  com.eventHub.utils.LogUtils - ==========================================================================
2026-09-28 22:42:05 [TestNG-PoolService-3] INFO  com.eventHub.utils.LogUtils - ==========================================================================
2026-09-28 22:42:05 [TestNG-PoolService-4] INFO  com.eventHub.utils.LogUtils - ==========================================================================
2026-09-28 22:42:07 [TestNG-PoolService-4] INFO  com.eventHub.utils.LogUtils -   FINISHED SCENARIO: Verify that user can able to add all given details for new Event | STATUS: {}
2026-09-28 22:42:07 [TestNG-PoolService-4] INFO  com.eventHub.utils.LogUtils - ==========================================================================
2026-09-28 22:42:07 [TestNG-PoolService-1] INFO  com.eventHub.utils.LogUtils -   FINISHED SCENARIO: Successful login with valid credentials | STATUS: {}
2026-09-28 22:42:07 [TestNG-PoolService-1] INFO  com.eventHub.utils.LogUtils - ==========================================================================
2026-09-28 22:42:07 [TestNG-PoolService-3] INFO  com.eventHub.utils.LogUtils -   FINISHED SCENARIO: Book and cancel event tickets | STATUS: {}
2026-09-28 22:42:07 [TestNG-PoolService-3] INFO  com.eventHub.utils.LogUtils - ==========================================================================
2026-09-28 22:42:07 [TestNG-PoolService-2] INFO  com.eventHub.utils.LogUtils -   FINISHED SCENARIO: Verify user can browse available events | STATUS: {}
2026-09-28 22:42:07 [TestNG-PoolService-2] INFO  com.eventHub.utils.LogUtils - ==========================================================================
2026-09-28 22:46:55 [main] INFO  com.eventHub.utils.LogUtils - ==========================================================================
2026-09-28 22:46:55 [main] INFO  com.eventHub.utils.LogUtils -   STARTING SCENARIO: Verify that user can able to add all given details for new Event
2026-09-28 22:46:55 [main] INFO  com.eventHub.utils.LogUtils - ==========================================================================
2026-09-28 22:46:56 [main] INFO  com.eventHub.utils.LogUtils -   FINISHED SCENARIO: Verify that user can able to add all given details for new Event | STATUS: {}
2026-09-28 22:46:56 [main] INFO  com.eventHub.utils.LogUtils - ==========================================================================
2026-09-28 22:51:06 [main] INFO  com.eventHub.utils.LogUtils - ==========================================================================
2026-09-28 22:51:06 [main] INFO  com.eventHub.utils.LogUtils -   STARTING SCENARIO: Verify that user can able to add all given details for new Event
2026-09-28 22:51:06 [main] INFO  com.eventHub.utils.LogUtils - ==========================================================================
2026-09-28 22:51:07 [main] INFO  com.eventHub.utils.LogUtils -   FINISHED SCENARIO: Verify that user can able to add all given details for new Event | STATUS: {}
2026-09-28 22:51:07 [main] INFO  com.eventHub.utils.LogUtils - ==========================================================================
2026-09-28 22:52:27 [main] INFO  com.eventHub.utils.LogUtils - ==========================================================================
2026-09-28 22:52:27 [main] INFO  com.eventHub.utils.LogUtils -   STARTING SCENARIO: Verify that user can able to add all given details for new Event
2026-09-28 22:52:27 [main] INFO  com.eventHub.utils.LogUtils - ==========================================================================
2026-09-28 22:52:29 [main] INFO  com.eventHub.utils.LogUtils -   FINISHED SCENARIO: Verify that user can able to add all given details for new Event | STATUS: {}
2026-09-28 22:52:29 [main] INFO  com.eventHub.utils.LogUtils - ==========================================================================
2026-09-30 18:32:47 [main] INFO  com.eventHub.utils.LogUtils - ==========================================================================
2026-09-30 18:32:47 [main] INFO  com.eventHub.utils.LogUtils -   STARTING SCENARIO: Verify that user can able to add all given details for new Event
2026-09-30 18:32:47 [main] INFO  com.eventHub.utils.LogUtils - ==========================================================================
2026-09-30 18:32:49 [main] INFO  com.eventHub.utils.LogUtils -   FINISHED SCENARIO: Verify that user can able to add all given details for new Event | STATUS: {}
2026-09-30 18:32:49 [main] INFO  com.eventHub.utils.LogUtils - ==========================================================================
2026-09-30 18:41:34 [main] INFO  com.eventHub.utils.LogUtils - ==========================================================================
2026-09-30 18:41:34 [main] INFO  com.eventHub.utils.LogUtils -   STARTING SCENARIO: Verify that user can able to add all given details for new Event
2026-09-30 18:41:34 [main] INFO  com.eventHub.utils.LogUtils - ==========================================================================
2026-09-30 18:41:41 [main] INFO  com.eventHub.utils.LogUtils - Executing composite login for pre-condition using: samwilson33@gmail.com
2026-09-30 18:41:53 [main] INFO  com.eventHub.utils.LogUtils -   FINISHED SCENARIO: Verify that user can able to add all given details for new Event | STATUS: {}
2026-09-30 18:41:53 [main] INFO  com.eventHub.utils.LogUtils - ==========================================================================
2026-09-30 18:42:13 [TestNG-PoolService-4] INFO  com.eventHub.utils.LogUtils - ==========================================================================
2026-09-30 18:42:13 [TestNG-PoolService-3] INFO  com.eventHub.utils.LogUtils - ==========================================================================
2026-09-30 18:42:13 [TestNG-PoolService-1] INFO  com.eventHub.utils.LogUtils - ==========================================================================
2026-09-30 18:42:13 [TestNG-PoolService-2] INFO  com.eventHub.utils.LogUtils - ==========================================================================
2026-09-30 18:42:13 [TestNG-PoolService-4] INFO  com.eventHub.utils.LogUtils -   STARTING SCENARIO: Verify that user can able to add all given details for new Event
2026-09-30 18:42:13 [TestNG-PoolService-2] INFO  com.eventHub.utils.LogUtils -   STARTING SCENARIO: Verify user can browse available events
2026-09-30 18:42:13 [TestNG-PoolService-1] INFO  com.eventHub.utils.LogUtils -   STARTING SCENARIO: Successful login with valid credentials
2026-09-30 18:42:13 [TestNG-PoolService-3] INFO  com.eventHub.utils.LogUtils -   STARTING SCENARIO: Book and cancel event tickets
2026-09-30 18:42:13 [TestNG-PoolService-2] INFO  com.eventHub.utils.LogUtils - ==========================================================================
2026-09-30 18:42:13 [TestNG-PoolService-4] INFO  com.eventHub.utils.LogUtils - ==========================================================================
2026-09-30 18:42:13 [TestNG-PoolService-1] INFO  com.eventHub.utils.LogUtils - ==========================================================================
2026-09-30 18:42:13 [TestNG-PoolService-3] INFO  com.eventHub.utils.LogUtils - ==========================================================================
2026-09-30 18:42:16 [TestNG-PoolService-4] INFO  com.eventHub.utils.LogUtils - Executing composite login for pre-condition using: samwilson33@gmail.com
2026-09-30 18:42:17 [TestNG-PoolService-1] INFO  com.eventHub.utils.LogUtils -   FINISHED SCENARIO: Successful login with valid credentials | STATUS: {}
2026-09-30 18:42:17 [TestNG-PoolService-1] INFO  com.eventHub.utils.LogUtils - ==========================================================================
2026-09-30 18:42:17 [TestNG-PoolService-3] INFO  com.eventHub.utils.LogUtils - Executing composite login for pre-condition using: samwilson33@gmail.com
2026-09-30 18:42:18 [TestNG-PoolService-2] INFO  com.eventHub.utils.LogUtils - Executing composite login for pre-condition using: samwilson33@gmail.com
2026-09-30 18:42:19 [TestNG-PoolService-3] INFO  com.eventHub.utils.LogUtils -   FINISHED SCENARIO: Book and cancel event tickets | STATUS: {}
2026-09-30 18:42:19 [TestNG-PoolService-3] INFO  com.eventHub.utils.LogUtils - ==========================================================================
2026-09-30 18:42:19 [TestNG-PoolService-2] INFO  com.eventHub.utils.LogUtils -   FINISHED SCENARIO: Verify user can browse available events | STATUS: {}
2026-09-30 18:42:19 [TestNG-PoolService-2] INFO  com.eventHub.utils.LogUtils - ==========================================================================
2026-09-30 18:42:27 [TestNG-PoolService-4] INFO  com.eventHub.utils.LogUtils -   FINISHED SCENARIO: Verify that user can able to add all given details for new Event | STATUS: {}
2026-09-30 18:42:27 [TestNG-PoolService-4] INFO  com.eventHub.utils.LogUtils - ==========================================================================
2026-09-30 19:17:16 [TestNG-PoolService-4] INFO  com.eventHub.utils.LogUtils - ==========================================================================
2026-09-30 19:17:16 [TestNG-PoolService-2] INFO  com.eventHub.utils.LogUtils - ==========================================================================
2026-09-30 19:17:16 [TestNG-PoolService-1] INFO  com.eventHub.utils.LogUtils - ==========================================================================
2026-09-30 19:17:16 [TestNG-PoolService-3] INFO  com.eventHub.utils.LogUtils - ==========================================================================
2026-09-30 19:17:16 [TestNG-PoolService-4] INFO  com.eventHub.utils.LogUtils -   STARTING SCENARIO: Verify that user can able to add all given details for new Event
2026-09-30 19:17:16 [TestNG-PoolService-3] INFO  com.eventHub.utils.LogUtils -   STARTING SCENARIO: Book and cancel event tickets
2026-09-30 19:17:16 [TestNG-PoolService-1] INFO  com.eventHub.utils.LogUtils -   STARTING SCENARIO: Successful login with valid credentials
2026-09-30 19:17:16 [TestNG-PoolService-2] INFO  com.eventHub.utils.LogUtils -   STARTING SCENARIO: Verify user can browse available events
2026-09-30 19:17:16 [TestNG-PoolService-4] INFO  com.eventHub.utils.LogUtils - ==========================================================================
2026-09-30 19:17:16 [TestNG-PoolService-1] INFO  com.eventHub.utils.LogUtils - ==========================================================================
2026-09-30 19:17:16 [TestNG-PoolService-3] INFO  com.eventHub.utils.LogUtils - ==========================================================================
2026-09-30 19:17:16 [TestNG-PoolService-2] INFO  com.eventHub.utils.LogUtils - ==========================================================================
2026-09-30 19:17:19 [TestNG-PoolService-4] INFO  com.eventHub.utils.LogUtils - Executing composite login for pre-condition using: samwilson33@gmail.com
2026-09-30 19:17:20 [TestNG-PoolService-3] INFO  com.eventHub.utils.LogUtils - Executing composite login for pre-condition using: samwilson33@gmail.com
2026-09-30 19:17:20 [TestNG-PoolService-1] INFO  com.eventHub.utils.LogUtils -   FINISHED SCENARIO: Successful login with valid credentials | STATUS: {}
2026-09-30 19:17:20 [TestNG-PoolService-1] INFO  com.eventHub.utils.LogUtils - ==========================================================================
2026-09-30 19:17:21 [TestNG-PoolService-2] INFO  com.eventHub.utils.LogUtils - Executing composite login for pre-condition using: samwilson33@gmail.com
2026-09-30 19:17:21 [TestNG-PoolService-2] INFO  com.eventHub.utils.LogUtils -   FINISHED SCENARIO: Verify user can browse available events | STATUS: {}
2026-09-30 19:17:21 [TestNG-PoolService-2] INFO  com.eventHub.utils.LogUtils - ==========================================================================
2026-09-30 19:17:22 [TestNG-PoolService-4] INFO  com.eventHub.utils.LogUtils -   FINISHED SCENARIO: Verify that user can able to add all given details for new Event | STATUS: {}
2026-09-30 19:17:22 [TestNG-PoolService-4] INFO  com.eventHub.utils.LogUtils - ==========================================================================
2026-09-30 19:17:22 [TestNG-PoolService-3] INFO  com.eventHub.utils.LogUtils -   FINISHED SCENARIO: Book and cancel event tickets | STATUS: {}
2026-09-30 19:17:22 [TestNG-PoolService-3] INFO  com.eventHub.utils.LogUtils - ==========================================================================
